first ,last,discipline,Dept. ,title,CSU/UC,campus,#proj,Image
Yize,Li,Condensed Matter Physics,Physics and Engineering,Assistant Professor,CSU,Bakersfield,,https://www.csub.edu/physics/_images/Li.jpg
Chengwei,Lei,Computer Science,Department of Computer & Electrical Engineering/Computer Science,Assistant Professor,CSU,Bakersfield,5,N\A
Bilin,Zeng,Statistics,Department of Mathematics,Assistant Professor,CSU,Bakersfield,7,https://www.csub.edu/~bzeng/images/bzeng.jpg
Alan,Fuchs,Chemical Engineering,Physics and Engineering,Full Professor,CSU,Bakersfield,80,https://scholar.googleusercontent.com/citations?view_op=view_photo&user=8NUj7xQAAAAJ&citpid=2
David,Gove,Mathematics,Mathematics,Full Professor,CSU,Bakersfield,1,N\A
Krishna,Prasai,Ph.D (Physics),Physics and Engineering,Lecturer,CSU,Bakersfield,1,https://scholar.google.com/citations/images/avatar_scholar_128.png
Hunter,Gehlbach,Educational Psychology,Education,Associate Professor,UC,Berkeley,,https://edpolicyinca.org/sites/default/files/styles/author_cropped/public/people-photos/Hunter_Gehlbach.jpg?h=2a9573c7&itok=esENIu8-
Justin,Remais,Environmental Health Sciences,Environmental Health Sciences,Associate Professor,UC,Berkeley,6,https://scholar.googleusercontent.com/citations?view_op=view_photo&user=8DuoSE4AAAAJ&citpid=4
Gail,Brager,Mechanical Engineering,Architecture,Full Professor,UC,Berkeley,30,https://cbe.berkeley.edu/wp-content/uploads/2018/08/Gail-Brager.jpg
Yoonjung,Lee,Political Science,School of Information,Post-Doctoral Scholar,UC,Berkeley,5,https://bat.bing.com/action/0?ti=5279943&tm=gtm002&Ver=2&mid=10d04d6f-99f9-4fc8-bccb-0345b35828b0&sid=e99546b0c44f11ecb40e5bb2e3e942ac&vid=e9957220c44f11eca61489782466bff8&vids=1&pi=918639831&lg=en-US&sw=1280&sh=1024&sc=24&tl=Dr.%20Yoonjung%20Lee%20-%20DentalSave%20Dental%20Plans&p=https%3A%2F%2Fdentalsave.com%2Fdentists%2Fcalifornia%2Fbuena-park%2Fperiodontists%2Fdr-yoonjung-lee-13%2F&r=&lt=1793&evt=pageLoad&msclkid=N&sv=1&rn=489447
Changhua,Mu,PhD in Biomedical Inorganic Chemistry,Department of Bioengineering,Post-Doctoral Scholar,UC,Berkeley,5,https://scholar.googleusercontent.com/citations?view_op=view_photo&user=tmKwXgsAAAAJ&citpid=1
Elke,Eichelmann,Environmental Science,"Environmental Science, Policy and Management",Post-Doctoral Scholar,UC,Berkeley,1,https://ourenvironment.berkeley.edu/sites/ourenvironment.berkeley.edu/files/styles/user_big_picture/public/pictures/picture-14329-1453861184.jpg?itok=EIBYMJZ6
Ellen,Kersten,"Environmental Science, Policy, and Management",Psychiatry,Post-Doctoral Scholar,UC,Berkeley,2,https://ourenvironment.berkeley.edu/sites/ourenvironment.berkeley.edu/files/styles/user_big_picture/public/pictures/picture-14248-1449693570.jpg?itok=rzy378CD
Miguel,Arratia,PhD Physics,Physics,Post-Doctoral Scholar,UC,Berkeley,,https://www.cambridgetrust.org/assets/cache/4615267e6c99db49c8bd7e5f780a53b79b075f44.jpg
Mariam,Kiran,Computer Science,Lawrence Berkeley National Lab,Research Scientist,UC,Berkeley,2,https://scholar.google.com/citations/images/avatar_scholar_128.png
Kathryn,Leonard,Mathematics,Mathematics,Associate Professor,CSU,Channel Islands,2,https://archive.vcstar.com/Services/image.ashx?domain=www.vcstar.com&file=leonard07_4495256_ver1.0_640_480.jpg&resize=200*271
Dana Lee,Baker,Public Policy,Political Science,Associate Professor,CSU,Channel Islands,4,N\A
Michael,Soltys,Computer Science,Computer Science,Full Professor,CSU,Channel Islands,,https://i0.wp.com/prof.msoltys.com/wp-content/uploads/2013/07/Michael-Soltys-CS-2-230x300.jpeg?resize=230%2C300
Garrett,Liles,Soil Science ,College of Agriculture,Assistant Professor,CSU,Chico,5,https://www.csuchico.edu/ag/_assets/images/faculty-staff/liles-garrett.jpeg
Jaime,Raigoza,Computer Science,Computer Science Department,Assistant Professor,CSU,Chico,,https://www.csuchico.edu/csci/_assets/images/jaime-raigoza.jpg
Noriyuki,Sato,Geography,Department of Geography and Planning,Associate Professor,CSU,Chico,1,https://www.csuchico.edu/cwe/_assets/images/sato-noriyuki.jpg
Lisa,Ott,Chemistry,Chemistry and Biochemistry,Associate Professor,CSU,Chico,3,https://www.csuchico.edu/cwe/_assets/images/ott-lisa.jpg
Jennifer,Rosenthal,"MD: Pediatrics, Health Services Research",Pediatrics,Assistant Professor,UC,Davis,4,https://physicians.ucdavis.edu/Custom/Photos/21924.jpg
Samuel,Sandoval,Environmental and Water Resources Engineering ,"Land, Air and Water Resources",Assistant Professor,UC,Davis,3,http://internal.metro.ucdavis.edu/profiles/images/5549-sandoval-solis.jpg
Catherine,Brinkley,"Urban Planning, Public Health",Human Ecology,Assistant Professor,UC,Davis,6,https://humanecology.ucdavis.edu/sites/g/files/dgvnsk161/files/styles/sf_profile/public/images/person/crd_brinkley_catherine.jpg?h=74f1cb4c&itok=GNqZ7x9_
Peter,Hernes,Chemical Oceanography/Aqueous Biogeochemistry,"Land, Air and Water Resources",Full Professor,UC,Davis,6,http://internal.metro.ucdavis.edu/profiles/images/12-hernes.jpg
Moyar,Qing Ge,Immunology,Internal medicine,Post-Doctoral Scholar,UC,Davis,2,N\A
Prasant,Kumar Jena,Biotechnology,Pathology and Laboratory Medicine,Post-Doctoral Scholar,UC,Davis,,https://bat.bing.com/action/0?ti=134631932&tm=gtm002&Ver=2&mid=39d20327-bd96-4a86-bdf1-f829ec5c70f9&sid=241fcb50c45011ec92d7bfda94b746c7&vid=24200740c45011ecb7efdf473ba3b637&vids=1&pi=918639831&lg=en-US&sw=1280&sh=1024&sc=24&tl=Limits%20are%20exceeded%20%7C%20SignalHire&p=https%3A%2F%2Fwww.signalhire.com%2Fsorry%3Fcontinue%3Dhttps%253A%2F%2Fwww.signalhire.com%2Fprofiles%2Fprasant-kumar-jena%252527s-email%2F3475275&r=&lt=3191&evt=pageLoad&msclkid=N&sv=1&rn=51484
Ygal,Achmon,Biotechnology and Food Engineering,Food Science and Technology,Post-Doctoral Scholar,UC,Davis,,https://www.bftv.ucdavis.edu/sites/g/files/dgvnsk1346/files/styles/sf_profile/public/images/person/Ygal%20Achmon.jpeg?h=55541bb6&itok=XcmbMm2R
Elvira,de Lange,Chemical Ecology,Entomology and Nematology,Post-Doctoral Scholar,UC,Davis,1,N\A
Pamela,Reynolds,Biological Sciences (Ecology),Evolution and Ecology,Post-Doctoral Scholar,UC,Davis,2,N\A
Rose,Kagawa,Epidemiology,Emergency Medicine,Post-Doctoral Scholar,UC,Davis,5,https://poverty.ucdavis.edu/sites/main/files/imagecache/profile/main-images/kagawa.jpg?1621110608
Karen,LeGrand,Microbiology,International Programs,Post-Doctoral Scholar,UC,Davis,2,https://horticulture.ucdavis.edu/sites/g/files/dgvnsk1816/files/styles/profile_smaller/public/images/hort_person/karen-legrand-Cambodia-02-%28141%29-eds-crop-forWeb-600pw.jpg?itok=fxUek2sc
Patrick,Still,Medicinal Chemistry,Chemistry,Assistant Professor,CSU,Dominguez Hills,2,https://www.csudh.edu/Assets/csudh-sites/chemistry/images/faculty/patrick-still.jpg
Bin,Tang,Computer Science,Computer Science Department,Assistant Professor,CSU,Dominguez Hills,0,https://scholar.googleusercontent.com/citations?view_op=view_photo&user=z69VQMAAAAAJ&citpid=2
Philip,Vieira,Psychology,Psychology,Assistant Professor,CSU,Dominguez Hills,3,https://www.csudh.edu/Assets/csudh-sites/psychology/images/faculty/Philip-Vieira02.jpg
Karin,Kram,Microbiology,Biology,Assistant Professor,CSU,Dominguez Hills,2,https://www.csudh.edu/Assets/csudh-sites/biology/images/faculty-and-staff/karin-kram.jpg
Kathryn,Theiss,Ecology & Evolutionary Biology,Biology,Assistant Professor,CSU,Dominguez Hills,2,https://www.csudh.edu/Assets/csudh-sites/biology/images/faculty-and-staff/kathryn-theiss.jpg
Sarah,Lacy,Biological Anthropology,Anthropology,Assistant Professor,CSU,Dominguez Hills,1,https://www.csudh.edu/Assets/csudh-sites/anthropology/images/faculty/SLacy.jpg
Ximena,Cid,Physics,Physics,Assistant Professor,CSU,Dominguez Hills,5,https://357h4a1tedstsbee1xvf35r5-wpengine.netdna-ssl.com/wp-content/uploads/2020/02/XimenaCid027_News.jpg
Terry,McGlynn,Ecology and Evolutionary Biology,Biology,Full Professor,CSU,Dominguez Hills,5,https://www.csudh.edu/Assets/csudh-sites/biology/images/faculty-and-staff/terry-mcglynn.jpg
Chandra,Srinivasan,Chemistry,Graduate Studies and Research,Full Professor & Faculty Director for Research Development,CSU,Dominguez Hills,8,https://www.zoominfo.com/ge-assets/common/placeholders/2022_personPlaceholder_140_purplePink.svg
Ayona,Chatterjee,Phd in Statistics,Statistics and Biostatistics,Assistant Professor,CSU,East Bay,7,N\A
Nidhi,Khosla,Public Health,Department of Health Sciences,Assistant Professor,CSU,East Bay,2,https://scholar.googleusercontent.com/citations?view_op=view_photo&user=eWUrlrUAAAAJ&citpid=2
Arnab,Mukherjea,Public Health,Health Sciences,Assistant Professor,CSU,East Bay,5,https://www.csueastbay.edu/directory/profiles/files/images/nurs/arnab-mukherjea.jpg
Natalie,Ingraham,Sociology,Sociology,Assistant Professor,CSU,East Bay,2,https://www.csueastbay.edu/directory/profiles/files/images/soc/ingraham_smheadshot_sept19.jpg
Kathryn,Grimm,Physics,Physics,Assistant Professor,CSU,East Bay,1,https://www.zoominfo.com/ge-assets/common/placeholders/2022_personPlaceholder_140_purplePink.svg
Ryan,Smith,Physics,Physics,Assistant Professor,CSU,East Bay,2,https://www.csueastbay.edu/directory/profiles/files/images/phys/RPS-new.jpg
Fadi,Castronovo,PhD in Architectural Engineering,"School of Engineering, Construction Management Program",Assistant Professor,CSU,East Bay,4,https://www.calstate.edu/csu-system/why-the-csu-matters/graduation-initiative-2025/FILA/2020-21-awardees/PublishingImages/EastBay-Fadi-Castronovo.jpg
James,Murray,Zoology,Biological Sciences,Associate Professor,CSU,East Bay,4,https://www.csueastbay.edu/directory/profiles/files/images/biol/murray%202.jpg
Erik,Helgren,Physics,Dept. of Physics,Associate Professor,CSU,East Bay,3,https://www.csueastbay.edu/directory/profiles/vitae/phys/helgren-csueb-headshot-2018.jpg
Levent,Ertaul,Computer Science: Cyber Security,Computer Science,Full Professor,CSU,East Bay,5,https://www.csueastbay.edu/directory/profiles/files/images/cs/levent-ertaul.jpg
Steve,Chung,Statistics,Department of Mathematics,Assistant Professor,CSU,Fresno,7,https://csm.fresnostate.edu/math/images/faculty-photos/stevech.jpeg
Joshua,Reece,Ecology and Evolution,Biology,Assistant Professor,CSU,Fresno,4,https://colibri-ecology.com/wp-content/uploads/2020/08/joshua-reece.jpg
Hubert,Cecotti,Computer Science,Department of Computer Science,Assistant Professor,CSU,Fresno,5,https://scholar.googleusercontent.com/citations?view_op=view_photo&user=-zkcBXYAAAAJ&citpid=3
Chelsey,Juarez,Biological anthropology/ forensics,Anthropology,Assistant Professor,CSU,Fresno,5,https://socialsciences.fresnostate.edu/anthropology/images/faculty/ChelseyJuarezProfile.jpg
Cory,Brooks,Biochemistry,Chemistry,Assistant Professor,CSU,Fresno,4,N\A
David,Lent,Neuroscience,Biology,Associate Professor,CSU,Fresno,1,https://csm.fresnostate.edu/biology/images/faculty-staff/David%20Lent.jpg
Pei-Chun,Ho,Physics,Physics,Full Professor,CSU,Fresno,2,https://csm.fresnostate.edu/physics/images/Pei-ChunHo.JPG
Austin,Nation,Nursing,School of Nursing,Assistant Professor,CSU,Fullerton,4,https://news.fullerton.edu/app/uploads/2020/11/Austin-Nation-800x500.jpg
Alice,Lee,Epidemiology,Health Science,Assistant Professor,CSU,Fullerton,3,http://hhd.fullerton.edu/pubh/_resources/images/hhd/faculty/fulltimefaculty/leealice.jpg
Veronica,Jimenez,Biomedical Science,Biological Science,Assistant Professor,CSU,Fullerton,2,https://www.fullerton.edu/biology/_resources/images/fac_page_images/ortiz_vj.jpg
Maria Soledad,Ramirez,PhD,Biological Science,Assistant Professor,CSU,Fullerton,3,N\A
Parvin,Shahrestani,Biology,Biological Science,Assistant Professor,CSU,Fullerton,5,https://www.fullerton.edu/biology/_resources/images/fac_page_images/ShahrestaniParvin_Small.jpg
Gergana,Todorova,Organizational Behavior and Theory,Department of Management,Associate Professor,CSU,Fullerton,5,https://scholar.google.com/citations/images/avatar_scholar_128.png
Nikolas,Nikolaidis,Biology,Biological Science,Associate Professor,CSU,Fullerton,1,https://www.fullerton.edu/biology/_resources/images/fac_page_images/Nikolas_Nikolaidis.jpg
Madeline,Rasche,Biochemistry,Chemistry and Biochemistry,Full Professor,CSU,Fullerton,5,http://www.fullerton.edu/chemistry/_resources/images/faculty/Madeline-Rasche.JPG
CHARLES,LEE,MATHEMATICS,MATHEMATICS,Full Professor,CSU,Fullerton,5,https://media.homelight.com/uploads/agent/picture/1299467/normal_charles_lee_photo.jpg
Maria,Rendon,Sociology,Urban Planning and Public Policy,Assistant Professor,UC,Irvine,,https://scholar.googleusercontent.com/citations?view_op=view_photo&user=uF5PRRcAAAAJ&citpid=2
Heather,Crawford,Nuclear Chemistry,Nuclear Science Division,Assistant Researcher,UC,Lawrence Berkeley National Laboratory,1,https://www.ohio.edu/cas/sites/ohio.edu.cas/files/styles/max_650x650/public/2019-02/thumbnail.jpg?itok=QWxhF7Px
Jennifer,Soong,Ecology,Earth and Environmental Sciences,Post-Doctoral Scholar,UC,Lawrence Berkeley National Laboratory,3,https://scholar.googleusercontent.com/citations?view_op=view_photo&user=HKTdXtwAAAAJ&citpid=2
Hang,Deng,Civil and Environmental Engineering,Energy Geosciences Division,Full Researcher,UC,Lawrence Berkeley National Laboratory ,3,https://scholar.googleusercontent.com/citations?view_op=view_photo&user=XVHbv7YAAAAJ&citpid=1
Amber,Johnson,Community Health Education,Health Science,Assistant Professor,CSU,Long Beach,2,http://www.carpenterarts.org/sites/cpac/files/groups/carpenter-performing-arts-center/images-blog/blog_-_dr._amber_johnson.png
Belinda,Daughrity,Education with a specialization in Human Development and Psychology,Speech-Language Pathology,Assistant Professor,CSU,Long Beach,1,https://www.csulb.edu/sites/default/files/styles/profile_image/public/profile/belinda_daughrity_headshot.jpg?itok=c08qHpFz
Pitiporn,Asvapathanagul,Engineering,Civil Engineering and Construction Engineering Managment,Assistant Professor,CSU,Long Beach,1,https://scholar.googleusercontent.com/citations?view_op=view_photo&user=STKQdgUAAAAJ&citpid=3
Suzie,Weng,Social Work,School of Social Work,Assistant Professor,CSU,Long Beach,4,https://www.csulb.edu/sites/default/files/styles/profile_image/public/profile/professionalphoto.jpg?itok=vgg93b0Q
Douglas,Pace,Marine Biology,Biological Sciences,Assistant Professor,CSU,Long Beach,2,https://scontent-sjc3-1.xx.fbcdn.net/v/t31.18172-1/12783613_569611029858174_5922857235628033158_o.jpg?stp=cp0_dst-jpg_e15_p120x120_q65&_nc_cat=107&ccb=1-5&_nc_sid=dbb9e7&_nc_ohc=KI8VgVTCQKgAX-Tblth&_nc_ht=scontent-sjc3-1.xx&oh=00_AT-GQEdzFMF4TjiJsOlcKpMCF5J9PVT_FOLah88k4fxiew&oe=628BE3AE
Virginia,Gray,Nutrition,Family and Consumer Sciences,Assistant Professor,CSU,Long Beach,10,https://www.csulb.edu/sites/default/files/styles/profile_image/public/profile/virginia_gray.jpg?itok=OE2uVfsu
Joshua,Cotter,Exercise Physiology,Kinesiology,Assistant Professor,CSU,Long Beach,11,https://www.csulb.edu/sites/default/files/groups/instructional-design/joshua-cotter.png
Kristina,Lovato,Social Welfare,Social Work,Assistant Professor,CSU,Long Beach,1,https://www.csulb.edu/sites/default/files/styles/profile_image/public/profile/hermann_portrait_img_0897-3.jpg?itok=OFzU3XF6
Sara,Nourazari,Industrial Engineering and Operations Research,Health Care Administeration,Assistant Professor,CSU,Long Beach,4,https://www.csulb.edu/sites/default/files/styles/profile_image/public/profile/sara_nourazari-chhs.jpg?itok=Yc6xSejl
May Ling,Halim,Psychology,Psychology,Associate Professor,CSU,Long Beach,4,N\A
Arturo,Zavala,Behavioral Neuroscience,Psychology,Associate Professor,CSU,Long Beach,,https://www.the-nhsn.org/members/images/zavala%20headshot.jpg
Gwen,Shaffer,Communications  (focus on telecommunications policy),Journalism and Public Relations,Associate Professor,CSU,Long Beach,4,https://cla.csulb.edu/departments/journalism/wp-content/uploads/2018/08/Dr-Gwen-Shaffer-Copy-256x300.jpg
Paul,Laris,Geography,Geography,Full Professor,CSU,Long Beach,4,https://scontent-sjc3-1.cdninstagram.com/v/t51.2885-15/13329205_1803572259873197_2012557411_n.jpg?stp=c80.0.480.480a_dst-jpg_e35&_nc_ht=scontent-sjc3-1.cdninstagram.com&_nc_cat=105&_nc_ohc=HBQZfORIu-8AX99a_1Y&edm=ABfd0MgBAAAA&ccb=7-4&oh=00_AT_GcCIf1CocYXR0qTgwfcHtJZQAn-ts1yLVJKK-RHVDRA&oe=626C3BDC&_nc_sid=7bff83
Iveris,Martinez,Anthropology and Public Health,"Center for Successful Aging/Family and Consumer Sciences, Division of Gerontology",Full Professor,CSU,Long Beach,5,https://www.csulb.edu/sites/default/files/styles/profile_image/public/profile/iveris_martinez.jpg?itok=xLgfZd2D
Jingjing,Li,Civil Engineering,Geosciences and Environment,Assistant Professor,CSU,Los Angeles,3,https://www.calstatela.edu/sites/default/files/images/profiles/li090414_01_copy.jpg
Ximin,He,Chemistry,Materials Science and Engineering,Assistant Professor,UC,Los Angeles,5,https://samueli.ucla.edu/wp-content/uploads/samueli/he_ximin_hero.jpg
Jennie,Grammer,Psychology,The Graduate School of Education and Information Studies,Assistant Professor,UC,Los Angeles,3,https://arch.gseis.ucla.edu/media/Grammer.jpg
Nicole,Valenzuela,Cellular and Molecular Pathology,Pathology and Laboratory Medicine,Assistant Professor,UC,Los Angeles,,https://www.uclahealth.org/pathology/images/Research%20Services/NicoleValenzuela.jpg
Susanne,Nicholas,"MD, MPH,PhD- Medicine/Nephrology, Public Health, Physiology",Medicine,Associate Professor,UC,Los Angeles,5,https://www.uclahealth.org/sites/default/files/styles/portrait_3x4_008000_240x320/public/images/nicholas-susanne-1972523512.jpg?h=8a019425&itok=7Tqary0f
Ulrike,Seibt,Geosciences,Atmospheric and Oceanic Sciences,Associate Professor,UC,Los Angeles,4,https://atmos.ucla.edu/sites/default/files/styles/person_full/public/person_images/useibt.jpg?itok=5bngiys4
Richard,Wirz,"PhD, Engineering & Applied Sciences (Caltech)",Mechanical & Aerospace Engineering,Associate Professor,UC,Los Angeles,20,https://samueli.ucla.edu/wp-content/uploads/samueli/wirz-in-lab-photo-hero.png
Jessica,Gipson,Public Health,Community Health Sciences,Associate Professor,UC,Los Angeles,2,https://ph.ucla.edu/sites/default/files/styles/medium_left/public/images/faculty/2019-9-3-Provided%20by%20Gipson.jpg?itok=1M04dCzw
Daniela,Cusack,PhD in Ecosystem Ecology,Geography,Associate Professor,UC,Los Angeles,2,N\A
Shih Lung,Woo,PhD in Nutrition,Center for Human Nutrition,Post-Doctoral Scholar,UC,Los Angeles,1,N\A
SONGYI,BAE,Natural Product Sciences,Bioengineering,Post-Doctoral Scholar,UC,Los Angeles,7,N\A
Gordana,Halec,PhD in Biology,Department of Pediatrics,Post-Doctoral Scholar,UC,Los Angeles,4,https://scholar.googleusercontent.com/citations?view_op=view_photo&user=R6AFCdUAAAAJ&citpid=3
Raleigh,Martin,Geology,Atmospheric and Oceanic Sciences,Post-Doctoral Scholar,UC,Los Angeles,4,https://0.academia-photos.com/26743527/7461453/8384071/s200_raleigh.martin.jpg_oh_b6b3e8f0b718db91b499dcab7000b9a8_oe_5591cb8a___gda___1435233051_86aa919f0f1443cca84061cba6ea6ebc
David,Goodman-Meza,"MD, MAS in clinical research",Infectious Diseases,Post-Doctoral Scholar,UC,Los Angeles,2,https://chipts.ucla.edu/wp-content/uploads/2019/02/David-Goodman-Meza-e1611172476429.jpg
Katherine,Sammler,Geography,Global Studies & Maritime Affaris,Assistant Professor,CSU,Maritime,4,https://hifmb.de/wp-content/uploads/2021/01/Sammler.png
Joshua,Shackman,Economics,ABS School of Martime Policy and Management,Assistant Professor,CSU,Maritime,14,https://www.csum.edu/business/media/shackman-joshua.jpg
Sharla,Alegria,Sociology,Sociology,Assistant Professor,UC,Merced,2,https://sociology.ucmerced.edu/sites/sociology.ucmerced.edu/files/styles/medium/public/news/image/cropped-soc-grad-head-photo1.jpeg?itok=FkhWLCaM
Whitney,Pirtle,Sociology,Sociology,Assistant Professor,UC,Merced,3,https://0.academia-photos.com/9928601/3082319/28470282/s200_whitney.laster_pirtle.jpg
Yue (Jessica),Wang,Inorganic Chemistry,Materials Science and Engineering,Assistant Professor,UC,Merced,15,N\A
Emily,Moran,Biology,Life and Environmental Sciences,Assistant Professor,UC,Merced,4,https://www.ucmerced.edu/sites/ucmerced.edu/files/faculty/images/140804-moran-emily.jpg
Dalia,Magana,Spanish Linguistics,Literatures and Languages,Assistant Professor,UC,Merced,0,https://0.academia-photos.com/484215/78727613/67283149/s200_dalia.magana.jpeg
LILIAN,DAVILA,MATERIALS SCIENCE AND ENGINEERING,School of Engineering,Assistant Professor,UC,Merced,4,https://engineering.ucmerced.edu/sites/engineering.ucmerced.edu/files/people/photos/150davila_lilian_090128_3.jpg
Emily Jane,McTavish,Biology,Life and Environmental Sciences,Assistant Professor,UC,Merced,3,N\A
Asmeret Asefaw,Berhe,"Environmental Science, Policy, and Management (Biogeochemistry)",Life and Environmental Sciences,Associate Professor,UC,Merced,4,https://upload.wikimedia.org/wikipedia/commons/thumb/f/f5/Berhe.jpg/220px-Berhe.jpg
Teamrat,Ghezzehei,Soil Science (Soil Physics),Life and Environmental Sciences,Associate Professor,UC,Merced,4,https://scholar.googleusercontent.com/citations?view_op=view_photo&user=oa0AFwcAAAAJ&citpid=6
Kathleen,Hull,Anthropology,Anthropology,Associate Professor,UC,Merced,,https://0.academia-photos.com/145948/38650/35509/s200_kathleen_l..hull.jpg
"Theofanis ""Fanis""",Tsoulouhas,Economics,Social Sciences and Management,Full Professor,UC,Merced,7,N\A
Edbertho,Leal-Quiros,PhD in Nuclear Engineering,Mechanical Engineering,Full Researcher,UC,Merced,3,https://bat.bing.com/action/0?ti=22023325&tm=gtm002&Ver=2&mid=716ad897-aaf9-4c8b-b347-307a8fffb3c2&sid=f1cc2600c45011ec9e38f16ef3b58b2c&vid=f1cc32d0c45011ecafcb032fe7c8cca8&vids=0&gtm_tag_source=1&pi=918639831&lg=en-US&sw=1280&sh=1024&sc=24&tl=Edbertho%20Leal-Quiros%20%7C%20Applied%20Mathematics&p=https%3A%2F%2Fappliedmath.ucmerced.edu%2Fcontent%2Fedbertho-leal-quiros&r=&lt=1908&evt=pageLoad&msclkid=N&sv=1&rn=996690
Jesus,Sandoval,PhD  International economics,SSM Economics,Lecturer with Potential Security of Employmen (LPSOE),UC,Merced,0,https://economics.ucmerced.edu.672elmp01.blackmesh.com/sites/economics.ucmerced.edu/files/jesus_sandoval-hernandez.jpg
Deepti,Chittamuru,Communication,"School Of Social Sciences, Humanities And Arts",Post-Doctoral Scholar,UC,Merced,9,N\A
Dannise,Ruiz,Biology,School of Natural Sciences,Post-Doctoral Scholar,UC,Merced,2,https://i1.rgstatic.net/ii/profile.image/272789840068624-1442049574519_Q128/Dannise-Ruiz-Ramos.jpg
Kevin,Grobman,Psychology (PhD),Psychology,Assistant Professor,CSU,Monterey Bay,0,https://csumb.edu/media/csumb/site-assets/images/user-alt-solid.svg
Judith,Canner,Biomathematics and Zoology,Mathematics and Statistics,Associate Professor,CSU,Monterey Bay,9,https://www.calstate.edu/csu-system/faculty-staff/wang-award/awardees/PublishingImages/2021/Canner_Judith_Award.jpg
Ruting,Jia,Electrical and Computer Engineering,Electrical and Computer Engineering,Assistant Professor,CSU,Northridge,3,https://storage.zoominfo.com/1908482765
Meeta,Banerjee,Ph.D.,Psychology,Assistant Professor,CSU,Northridge,,https://www.csun.edu/sites/default/files/styles/person_teaser_thumb/public/field_image/person/banerjee_m_120x150_2.png?itok=zOHVce-e
Kerry,Nickols,Ecology,Biology,Assistant Professor,CSU,Northridge,6,https://scholar.googleusercontent.com/citations?view_op=view_photo&user=UFdGCugAAAAJ&citpid=1
Nhut,Ho,Systems and human factors engineering,Mechanical Engineering,Full Professor,CSU,Northridge,17,https://www.csun.edu/sites/default/files/styles/person_teaser_thumb/public/field_image/person/me_ho.png?itok=w0jadBHr
Kyung,In Huh,Geography,Geography and Anthropology,Assistant Professor,CSU,Pomona,2,N\A
Yao,Olive Li,Chemical/Food Engineering,Human Nutrition & Food Science,Assistant Professor,CSU,Pomona,3,N\A
Cord,Brundage,"PhD: Integrative Physiology, DVM: Veterinary Medicine",Animal & Veterinary Sciences,Assistant Professor,CSU,Pomona,1,https://www.cpp.edu/studentsuccess/oss/img/iamfirst/profiles/brundage.jpg
Monica,Palomo,PhD,Civil Engineering,Associate Professor,CSU,Pomona,All my projects are multidisciplinary,"https://www.cpp.edu/faculty/mpalomo/17palomo,-monica5.jpg"
Lin,Wu,Geography - climatology,Geography and Anthropology,Full Professor,CSU,Pomona,5,https://www.cpp.edu/faculty/lwu/lin_wu1.jpg
Subodh,Bhandari,Aerospace Engineering,Aerospace Engineering,Full Professor,CSU,Pomona,6,https://www.cpp.edu/faculty/sbhandari/bhandari_003.jpg
Winny,Dong,Materials Science and Engineering,Office of Undergraduate Research,Full Professor,CSU,Pomona,3,https://experts.cpp.edu/wp-content/uploads/2019/09/dong1.jpg
Mahnaz,Moradi Nargesi,Mathematics,,Lecturer,CSU,Pomona,,N\A
Jade,Sasser,Environmental Science & Policy Management,Gender & Sexuality Studies,Assistant Professor,UC,Riverside,,N\A
Samantha,Ying,Soil Geochemistry,Environmental Sciences,Assistant Professor,UC,Riverside,3,https://scholar.googleusercontent.com/citations?view_op=view_photo&user=dFgTIRQAAAAJ&citpid=5
Chen,Li,Materials Science,Materials Science and Engineering/Mechanical Engineering,Assistant Professor,UC,Riverside,3,https://scholar.googleusercontent.com/citations?view_op=view_photo&user=jhGhiCwAAAAJ&citpid=4
Holly,Bik,Biological Sciences,Nematology,Assistant Professor,UC,Riverside,2,"https://res.cloudinary.com/crunchbase-production/image/upload/c_thumb,h_170,w_170,f_auto,g_faces,z_0.7,b_white,q_auto:eco,dpr_1/v1488012727/tyqju9qd3fa0amnyv8he.png"
Sarah,Woodard,Biology,Department of Entomology,Assistant Professor,UC,Riverside,2,https://cnas.ucr.edu/sites/g/files/rcwecm2606/files/styles/form_preview/public/c-ucr-woodard_sarah-450px.jpg?itok=qCQ7sSnZ
Margarita,Curras-Collazo,Physiology,"Cell, Molecular and Systems Biology",Associate Professor,UC,Riverside,2,https://scholar.googleusercontent.com/citations?view_op=view_photo&user=FcBVXj8AAAAJ&citpid=1
Melissa,McTernan,Quantitative Psychology,Psychology,Assistant Professor,CSU,Sacramento,4,N\A
Joseph,Bahlman,Biology,Biology,Assistant Professor,CSU,Sacramento,5,N\A
Milica,Markovic,Electrical Engineering,Electrical and Electronic Engineering,Full Professor,CSU,Sacramento,0,https://media.cheggcdn.com/media%2Fcb4%2Fcb473277-b990-4735-ab21-f673ffb0aef9%2Fimage
Sara,Callori,Physics,Department of Physics,Assistant Professor,CSU,San Bernardino,10,https://scholar.google.com.au/citations/images/avatar_scholar_128.png
Brett,Goforth,Earth Sciences,Geography and Environmental Studies,Assistant Professor,CSU,San Bernardino,1,N\A
Donna,Garcia,Social Psychology,Psychology,Associate Professor,CSU,San Bernardino,4,https://0.academia-photos.com/1211219/436913/543258/s200_donna.garcia.jpg
Alicia,Kinoshita,Civil Engineering,"Civil, Construction, Environmental Engineering",Assistant Professor,CSU,San Diego,6,https://ccee.sdsu.edu/faculty_and_staff/_images/cceephotokinoshita2.jpg
Wenwu,Xu,Materials Science and Engineering,Mechanical Engineering,Assistant Professor,CSU,San Diego,5,https://mechanical.sdsu.edu/_resources/images/wenwu_xu.jpg
Xiaofeng,Liu,Aerospace Engineering,Department of Aerospace Engineering,Assistant Professor,CSU,San Diego,4,https://aerospace.sdsu.edu/_resources/images/_faculty/liu.png
Sahar,Ghanipoor Machiani,PhD in Civil Engineering,"Civil, Construction, and Environmental Engineering",Assistant Professor,CSU,San Diego,7,N\A
Erica,Forsberg,Chemical Biology,Chemistry and Biochemistry,Assistant Professor,CSU,San Diego,4,https://scholar.googleusercontent.com/citations?view_op=view_photo&user=j5ESzOkAAAAJ&citpid=1
Jillian,Maloney,Earth Science,Geological Sciences,Assistant Professor,CSU,San Diego,3,https://geology.sdsu.edu/wp-content/uploads/2014/02/Jillian-Maloney-2-300x225.jpg
Melody K,Schiaffino,Health Services Research,School of Public Health,Assistant Professor,CSU,San Diego,0,https://ph.ucsd.edu/_images/jdp/sdsu-faculty/schiaffino.jpg
Felisha,Herrera Villarreal,STEM Education,Postsecondary Education,Assistant Professor,CSU,San Diego,,N\A
Yawen,Li,PhD in social work,School of Social Work,Associate Professor,CSU,San Diego,,https://socialwork.sdsu.edu/wp-content/uploads/2011/11/yawen-li-sm.jpg
Tracy,Finlayson,Public Health,", Division of Health Management and Policy in the School of Public Health",Associate Professor,CSU,San Diego,10,https://publichealth.sdsu.edu/wp-content/uploads/2013/06/finlayson-tracy-2014-sm-110x150.jpg
Eyal,Oren,Epidemiology,Graduate School of Public Health,Associate Professor,CSU,San Diego,4,https://publichealth.sdsu.edu/wp-content/uploads/2017/08/eyal-e1501690777319-300x300.png
Heather,Corliss,Epidemiology,Graduate School of Public Health,Full Professor,CSU,San Diego,5,https://publichealth.sdsu.edu/wp-content/uploads/2013/10/corliss.jpg
Violet,Bumah,Biochemistry,Department of Chemistry and Biochemistry,Full Researcher,CSU,San Diego,3,https://scholar.google.com/citations/images/avatar_scholar_128.png
Shannon Klotsko,Klotsko,Earth Sciences,Geological Sciences,Post-Doctoral Scholar,CSU,San Diego,4,N\A
Tse Nga Tina,Ng,Physical Chemistry,Electrical and Computer Engineering,Associate Professor,UC,San Diego,2,N\A
Robina,Shaheen,Atmospheric Chemistry,Chemistry and Biochemistry,Associate Researcher,UC,San Diego,,https://earthlab.colorado.edu/sites/default/files/styles/square_med/public/media/image/shaheen.PNG?itok=HJ9mrwQh
AlisonC,Coil,Astrophysics,Physics,Full Professor,UC,San Diego,5,https://www.benefunder.com/sites/default/files/content/cause/picture/Alison%20Coil.jpg
Ekaterina,Evdokimenko,Materials Science and Engineering,Mechanical and Aerospace Engineering,Post-Doctoral Scholar,UC,San Diego,5,N\A
Andrew,Johnson,Marine fisheries ecology,Marine Biology Research Division,Post-Doctoral Scholar,UC,San Diego,3,http://www.apjdivorcelawyers.com/wp-content/uploads/2018/03/find-us-on-avvo-120px.png
Somayeh,Sabouri,Immunology,,Post-Doctoral Scholar,UC,San Diego,2,https://www.lji.org/wp-content/uploads/2017/10/Somayeh-Sabouri-IM-1.png
Stephanie,Rogers,"MD, MPH, MS",Medicine,Assistant Professor,UC,San Francisco,3,N\A
Stacy,Torres,Sociology,Sociology,Assistant Professor,UC,San Francisco,0,https://www.google.com/s2/favicons?domain=https://scienceofcaring.ucsf.edu/research/understanding-irreplaceable-role-mom-and-pop-spaces-aging-adults-conversation-stacy-torres
Jae,Sevelius,Clinical Psychology,Medicine,Associate Professor,UC,San Francisco,5,https://lsa.umich.edu/content/michigan-lsa/ncid/en/people/diversity-scholars-directory/jae-m-sevelius/jcr:content/profileImage.transform/profile_portrait/image.jpg
Dorie,Apollonio,Political Science/Health Policy,Clinical Pharmacy,Associate Professor,UC,San Francisco,7,https://bat.bing.com/action/0?ti=20265471&tm=gtm002&Ver=2&mid=345a53fd-3ea4-4321-b7f1-5a7a8b1f1cd1&sid=0dcac5b0c45211ec980b1fae93f71020&vid=0dcac5e0c45211eca8a02318467a1637&vids=1&pi=918639831&lg=en-US&sw=1280&sh=1024&sc=24&tl=Dorie%20Apollonio%20%7C%20UC%20Hastings%20Law%20%7C%20San%20Francisco&p=https%3A%2F%2Fwww.uchastings.edu%2Fpeople%2Fdorie-apollonio%2F&r=&lt=1887&evt=pageLoad&msclkid=N&sv=1&rn=759016
Juleen,Lam,Environmental public health,"Obstetrics, Gynecology and Reproductive Sciences",Associate Researcher,UC,San Francisco,7,https://www.csueastbay.edu/directory/profiles/files/images/hsc/juleen-lam.jpg
James,Buckwalter,Electrical Engineering,Electrical and Computer Engineering,Full Professor,UC,San Francisco,,https://engineering.ucsb.edu/sites/default/files/styles/people_thumb_small/public/people/images/JamesBuckwalter.jpg?itok=RfBeWdLb&c=87e135a113d343388f0766b41238da5c
Odessa,Yabut,Developmental Biology,Neurology,Instructor,UC,San Francisco,2,https://scholar.googleusercontent.com/citations?view_op=view_photo&user=SMpHWccAAAAJ&citpid=1
Sarine,Markossian,Molecular Genetics,Department of Pharmaceutical Chemistry,Other - Full Specialist,UC,San Francisco,2,N\A
Timothy,Galan,Orthopaedic Surgery Residendy Program,Orthopaedic Surgery,Other - UCSF Fresno Resident,UC,San Francisco,,https://s3.amazonaws.com/syk.patients.stryker.com.surgeons.prod/surgeons/avatars/000/005/270/small/galan_photo.jpg?1579711966
Navneet,Matharu,Molecular biology,Bioengineering and therapeutics Sciences,Post-Doctoral Scholar,UC,San Francisco,,https://innovativegenomics.org/wp-content/uploads/2019/06/Navneet-Matharu-IGIheadshot-300x300.jpg
Kelly,Bennion,Psychology (concentration in Cognitive Neuroscience),Psychology and Child Development,Assistant Professor,CSU,San Luis Obispo,5,https://scholar.googleusercontent.com/citations?view_op=view_photo&user=nDnwDiQAAAAJ&citpid=2
STHANU,MAHADEV,Mechanical Engineering,Mechanical Engineering,Assistant Professor,CSU,San Luis Obispo,2,https://www.coursehero.com/assets/img/user_account_icon.svg
Jean,Peterson,Viticulture,Wine and Viticulture,Assistant Professor,CSU,San Luis Obispo,4,https://content-calpoly-edu.s3.amazonaws.com/wvit/1/images/faculty_staff/IMG_6486.jpeg
Ashley,Ringer McDonald,Physical Chemistry,Chemistry and Biochemistry,Assistant Professor,CSU,San Luis Obispo,3,N\A
Ike,Kang,,Animal Science,Associate Professor,CSU,San Luis Obispo,0,https://content-calpoly-edu.s3.amazonaws.com/animalscience/1/images/Ike%20Kang.jpg
Lizabeth,Schlemer,Education,Industrial and Manufacurting Engineering,Full Professor,CSU,San Luis Obispo,10,https://content-calpoly-edu.s3.amazonaws.com/ime/1/images/mezzanine-media/images/liz.png
Saeed,Niku,Mechanical Engineering,Mechanical Engineering,Full Professor,CSU,San Luis Obispo,,https://me.calpoly.edu/wp-content/uploads/2021/07/Niku-Saeed.jpg
Elinne,Becket,Molecular Biology,Biological Sciences,Assistant Professor,CSU,San Marcos,12,https://www.csusm.edu/biology/images/dir/ebecket.jpg
Robert,Iafe,Organic chemistry,Chemistry & Biochemistry,Assistant Professor,CSU,San Marcos,1,https://faculty.csusm.edu/riafe/images/riafe.jpg
Stephen,Tsui,Condensed Matter Physics,Physics,Associate Professor,CSU,San Marcos,4,https://faculty.csusm.edu/tsui/images/tsui.jpg
Zachary,Eilon,Geophysics (Earth Science),Earth Science,Assistant Professor,UC,Santa Barbara,1,N\A
Julia,Lowndes,Biology,NCEAS,Assistant Researcher,UC,Santa Barbara,1,https://scholar.googleusercontent.com/citations?view_op=view_photo&user=qr9gICIAAAAJ&citpid=3
Carrie,Kappel,PhD,NCEAS,Associate Researcher,UC,Santa Barbara,16,https://0.academia-photos.com/1274955/468105/1174322/s200_carrie.v._kappel.jpg
Michael,Nava,PhD Statistics,Statistics & Applied Probability,Lecturer,UC,Santa Barbara,1,N\A
Jane,Mi,"MFA - Design Media Arts, MSE - Ocean Engineering",Art,Lecturer,UC,Santa Barbara,10,N\A
Siddharth,Narayan,Coastal Engineering and Flood Risk Assessments,Institute of Marine Sciences,Post-Doctoral Scholar,UC,Santa Barbara,3,https://scholar.google.com/citations/images/avatar_scholar_128.png
Anna,Kim,Chemistry and Chemical Engineering,Mechanical Engineering,Post-Doctoral Scholar,UC,Santa Barbara,1,https://bioengineering.ucsb.edu/sites/default/files/styles/big_banner_desktop/public/2020-09/Anna%20Kim_0.jpg?itok=sUenKLdC
Heather,Hodges,Political Science,Bren School of Env. Sci. & Mgmt.,Post-Doctoral Scholar,UC,Santa Barbara,7,https://www.polsci.ucsb.edu/sites/default/files/styles/people_node/public/people/photo/image1.jpeg?itok=14seqa7h
Jennifer,Mobberley,Microbiology and Cell Science,Chemistry and Biochemistry,Post-Doctoral Scholar,UC,Santa Barbara,4,N\A
Yu,Zhang,Electrical Engineering,Electrical Engineering,Assistant Professor,UC,Santa Cruz,3,https://engineering.ucsc.edu/people/zhangy/photo/1
Margaret,Zimmer,Hydrology,Earth and Planetary Sciences,Assistant Professor,UC,Santa Cruz,5,https://eps.ucsc.edu/cache/directory/mzimmer1.jpg
Kevin,Jones,Accounting,Economics,Assistant Professor,UC,Santa Cruz,0,https://economics.ucsc.edu/cache/directory/kekjones.jpg
Kathleen,Kay,"Ecology, Evolution and Behavior; Plant Biology",Ecology and Evolutionary Biology,Associate Professor,UC,Santa Cruz,0,https://scholar.googleusercontent.com/citations?view_op=view_photo&user=rBm9odgAAAAJ&citpid=3
Ricardo,Sanfelice,Electrical Engineering/Control Systems,Computer Engineering,Associate Professor,UC,Santa Cruz,1,https://scholar.googleusercontent.com/citations?view_op=view_photo&user=wCWPJG8AAAAJ&citpid=12
Donald,Wiberg,Engineering,Electrical Engineering,Full Professor,UC,Santa Cruz,100,https://engineering.ucsc.edu/people/wiberg/photo/1
JJ,Garcia-Luna-Aceves,,Computer Engineering,Full Professor,UC,Santa Cruz,0,N\A
Melissa,Viola Eitzel Solera,"Environmental Science, Policy, and Management",Sociology,Post-Doctoral Scholar,UC,Santa Cruz,5,https://d1hbpr09pwz0sk.cloudfront.net/profile_pic/melissa-viola-eitzel-solera-29c5e751
Karin,Jaffe,Anthropology,Anthropology,Full Professor,CSU,Sonoma,10,https://hd.sonoma.edu/sites/hd/files/styles/faculty_staff/public/jaffe.face3_.jpg?itok=b6275YFT
JOSE,DIAZ-GARAYUA,Ph.D. in Geography,Geography,Assistant Professor,CSU,Stanislaus,0,https://scholar.google.com/citations/images/avatar_scholar_128.png
Wing,To,Physics,Physics and Geology,Assistant Professor,CSU,Stanislaus,2,https://www.csustan.edu/sites/default/files/groups/Physics%20%26%20Physical%20Sciences/images/winginsurf_cropped.png
Alison,McNally,Geography,"Department of Anthropology, Geography, and Ethnic Studies",Assistant Professor,CSU,Stanislaus,2,https://www.csustan.edu/sites/default/files/groups/Geography/Images/mcnally.png
Iris,Ruiz,Ethnic Studies,Ethnic Studies,Lecturer,CSU,Stanislaus,0,https://www.csustan.edu/sites/default/files/groups/Ethnic%20Studies/images/custom-custom_size_img_0190.png
Christian,Kohler,Masters in Building Physics,Building Technologies and Urban Systems,Other - Principal Scientific Engineering Associate,"Lawrence Berkeley National Lab, managed by UC",,3,https://www.med.upenn.edu/bbl/assets/user-content/images/faculty/CKohler.png
Haruko,Wainwright,Nuclear Engineering (with minor in Civil and Environmental Engineering),Climate and Ecosystem Sciences Division,Assistant Researcher,Lawrence Berkeley National Laboratory,,5,https://scholar.google.com/citations/images/avatar_scholar_128.png
Daniel,Feldman,Environmental Science and Engineering,Climate Sciences,Associate Researcher,Lawrence Berkeley National Laboratory,,3,N\A
Ulas,Karaoz,Bioinformatics and Systems Biology,Ecology Department,Full Researcher,Lawrence Berkeley National Laboratory,,3,https://scholar.googleusercontent.com/citations?view_op=view_photo&user=9U5MnXUAAAAJ&citpid=2
Robert,Streubel,Physics,"Materials Sciences Division, Lawrence Berkeley National Laboratory",Post-Doctoral Scholar,Lawrence Berkeley National Laboratory,,10,https://www.unl.edu/physics/Robert_Streubel.jpg
Neslihan,Tas Baas,Microbial Ecology,Ecology Department,Project Scientist,Lawrence Berkeley National Laboratory,,5,N\A
Jenny,Mortimer,Plant Physiology,"Environmental Genomics and Systems Biology, Biosciences",Research Scientist,LBNL,,4,https://researchers.adelaide.edu.au/sites/default/files/styles/profile_large/public/profile-images/25040.jpeg?itok=7GlVkC5V
Virginia,Bolshakova,Insect Ecology,UC Cooperative Extension San Mateo &San Francisco Counties,Other - UCANR Advisor/Director,UC Agriculture and Natural Resources,,ALL,https://scholar.googleusercontent.com/citations?view_op=view_photo&user=2xZr5psAAAAJ&citpid=4
