First Name,Last Name,Image,Truth
Brewer,Hicklen,../Photos/Brewer_Hicklen.jpg,White
Caleb,Ferguson,../Photos/Caleb_Ferguson.jpg,White
Kyle,Farmer,../Photos/Kyle_Farmer.jpg,White
Kolby,Allard,../Photos/Kolby_Allard.jpg,White
Kyle,Isbel,../Photos/Kyle_Isbel.jpg,White
Griffin,Jax,../Photos/Griffin_Jax.jpg,White
Jonah,Bride,../Photos/Jonah_Bride.jpg,White
Tony,Gonsolin,../Photos/Tony_Gonsolin.jpg,White
Phil,Gosselin,../Photos/Phil_Gosselin.jpg,White
Clay,Holmes,../Photos/Clay_Holmes.jpg,White
Justin,Dunn,../Photos/Justin_Dunn.jpg,Black
Bryan,Garcia,../Photos/Bryan_Garcia.jpg,Other
Alcides,Escobar,../Photos/Alcides_Escobar.jpg,Black
Ryan,Aguilar,../Photos/Ryan_Aguilar.jpg,Other
P.J.,Higgins,../Photos/P.J._Higgins.jpg,White
Yuli,Gurriel,../Photos/Yuli_Gurriel.jpg,Other
Yennier,Cano,../Photos/Yennier_Cano.jpg,Black
Robbie,Erlin,../Photos/Robbie_Erlin.jpg,White
Ben,DeLuzio,../Photos/Ben_DeLuzio.jpg,White
Nolan,Arenado,../Photos/Nolan_Arenado.jpg,Other
Ian,Hamilton,../Photos/Ian_Hamilton.jpg,White
Brendan,Donovan,../Photos/Brendan_Donovan.jpg,White
Cory,Abbott,../Photos/Cory_Abbott.jpg,White
Yu,Darvish,../Photos/Yu_Darvish.jpg,Asian
Tommy,Edman,../Photos/Tommy_Edman.jpg,White
Josh,Hader,../Photos/Josh_Hader.jpg,White
Josh,Donaldson,../Photos/Josh_Donaldson.jpg,White
Caleb,Hamilton,../Photos/Caleb_Hamilton.jpg,White
Connor,Brogdon,../Photos/Connor_Brogdon.jpg,White
Luis,Barrera,../Photos/Luis_Barrera.jpg,Other
Dylan,Carlson,../Photos/Dylan_Carlson.jpg,White
Jarred,Kelenic,../Photos/Jarred_Kelenic.jpg,White
Raisel,Iglesias,../Photos/Raisel_Iglesias.jpg,Black
Andrew,Bellatti,../Photos/Andrew_Bellatti.jpg,White
Jason,Foley,../Photos/Jason_Foley.jpg,White
Jake,Bird,../Photos/Jake_Bird.jpg,White
Tyler,Cyr,../Photos/Tyler_Cyr.jpg,White
Rodolfo,Castro,../Photos/Rodolfo_Castro.jpg,Black
Eric,Hosmer,../Photos/Eric_Hosmer.jpg,White
Matt,Davidson,../Photos/Matt_Davidson.jpg,White
Mark,Appel,../Photos/Mark_Appel.jpg,White
Aaron,Fletcher,../Photos/Aaron_Fletcher.jpg,Black
Sean,Bouchard,../Photos/Sean_Bouchard.jpg,White
Yu,Chang,../Photos/Yu_Chang.jpg,Asian
Michael,Feliz,../Photos/Michael_Feliz.jpg,Black
Ryan,Brasier,../Photos/Ryan_Brasier.jpg,White
Randy,Arozarena,../Photos/Randy_Arozarena.jpg,Black
Andrew,Benintendi,../Photos/Andrew_Benintendi.jpg,White
Silvino,Bracho,../Photos/Silvino_Bracho.jpg,Other
Ashton,Goudeau,../Photos/Ashton_Goudeau.jpg,White
Adam,Haseley,../Photos/Adam_Haseley.jpg,White
Jack,Flaherty,../Photos/Jack_Flaherty.jpg,White
Noah,Davis,../Photos/Noah_Davis.jpg,White
Jeurys,Familia,../Photos/Jeurys_Familia.jpg,Black
Jon,Berti,../Photos/Jon_Berti.jpg,White
Nick,Allen,../Photos/Nick_Allen.jpg,White
Trent,Grisham,../Photos/Trent_Grisham.jpg,White
Grayson,Greiner,../Photos/Grayson_Greiner.jpg,White
Bryce,Harper,../Photos/Bryce_Harper.jpg,White
Jose,Alvarez,../Photos/Jose_Alvarez.jpg,White
Skye,Bolt,../Photos/Skye_Bolt.jpg,White
Matt,Beaty,../Photos/Matt_Beaty.jpg,White
Sean,Hjelle,../Photos/Sean_Hjelle.jpg,White
Ryan,Hendrix,../Photos/Ryan_Hendrix.jpg,White
Kole,Calhoun,../Photos/Kole_Calhoun.jpg,White
Freddie,Freeman,../Photos/Freddie_Freeman.jpg,White
Lucas,Gilbreath,../Photos/Lucas_Gilbreath.jpg,White
Zack,Greinke,../Photos/Zack_Greinke.jpg,White
Brennan,Bernardino,../Photos/Brennan_Bernardino.jpg,Other
Chris,Devenski,../Photos/Chris_Devenski.jpg,White
Kyle,Crick,../Photos/Kyle_Crick.jpg,White
Eduardo,Escobar,../Photos/Eduardo_Escobar.jpg,Black
Tyler,Glasnow,../Photos/Tyler_Glasnow.jpg,White
Justin,Grimm,../Photos/Justin_Grimm.jpg,White
Chris,Flexen,../Photos/Chris_Flexen.jpg,White
Bobby,Dalbec,../Photos/Bobby_Dalbec.jpg,White
Louis,Head,../Photos/Louis_Head.jpg,White
Ryan,Burr,../Photos/Ryan_Burr.jpg,White
Kutter,Crawford,../Photos/Kutter_Crawford.jpg,White
Alex,Jackson,../Photos/Alex_Jackson.jpg,White
Adam,Engel,../Photos/Adam_Engel.jpg,White
Gilberto,Celestino,../Photos/Gilberto_Celestino.jpg,Other
Aaron,Civale,../Photos/Aaron_Civale.jpg,White
Matthew,Boyd,../Photos/Matthew_Boyd.jpg,White
Matt,Dermody,../Photos/Matt_Dermody.jpg,White
Danny,Coulombe,../Photos/Danny_Coulombe.jpg,White
Rob,Brantly,../Photos/Rob_Brantly.jpg,White
Taylor,Hearn,../Photos/Taylor_Hearn.jpg,Black
Zack,Collins,../Photos/Zack_Collins.jpg,White
Wil,Crowe,../Photos/Wil_Crowe.jpg,White
Ty,France,../Photos/Ty_France.jpg,White
Archie,Bradley,../Photos/Archie_Bradley.jpg,White
Jeter,Downs,../Photos/Jeter_Downs.jpg,Black
Austin,Hays,../Photos/Austin_Hays.jpg,White
J.D.,Davis,../Photos/J.D._Davis.jpg,White
Ken,Giles,../Photos/Ken_Giles.jpg,White
Amir,Garrett,../Photos/Amir_Garrett.jpg,Black
Matt,Carpenter,../Photos/Matt_Carpenter.jpg,White
Jeremiah,Estrada,../Photos/Jeremiah_Estrada.jpg,Other
Jake,Diekman,../Photos/Jake_Diekman.jpg,White
Jonathan,India,../Photos/Jonathan_India.jpg,White
Jake,Burger,../Photos/Jake_Burger.jpg,White
Josh,Jung,../Photos/Josh_Jung.jpg,White
Elier,Hernandez,../Photos/Elier_Hernandez.jpg,Black
Domingo,Acevedo,../Photos/Domingo_Acevedo.jpg,Black
Victor,Caratini,../Photos/Victor_Caratini.jpg,White
Wynton,Bernard,../Photos/Wynton_Bernard.jpg,Black
Ehire,Adrianza,../Photos/Ehire_Adrianza.jpg,Other
R.J.,Alvarez,../Photos/R.J._Alvarez.jpg,Other
Wilmer,Difo,../Photos/Wilmer_Difo.jpg,Other
Chris,Archer,../Photos/Chris_Archer.jpg,Other
Bryan,Baker,../Photos/Bryan_Baker.jpg,White
Anthony,Banda,../Photos/Anthony_Banda.jpg,Other
Yan,Gomes,../Photos/Yan_Gomes.jpg,White
Wilmer,Flores,../Photos/Wilmer_Flores.jpg,Other
Brandon,Crawford,../Photos/Brandon_Crawford.jpg,White
Peyton,Burdick,../Photos/Peyton_Burdick.jpg,White
Gavin,Hollowell,../Photos/Gavin_Hollowell.jpg,White
Jonathan,Aranda,../Photos/Jonathan_Aranda.jpg,Other
Aaron,Judge,../Photos/Aaron_Judge.jpg,White
Miguel,Andujar,../Photos/Miguel_Andujar.jpg,Black
Alex,Dickerson,../Photos/Alex_Dickerson.jpg,White
Paul,Goldschmidt,../Photos/Paul_Goldschmidt.jpg,White
Will,Brennan,../Photos/Will_Brennan.jpg,White
Jhonathan,Diaz,../Photos/Jhonathan_Diaz.jpg,White
Carlos,Carrasco,../Photos/Carlos_Carrasco.jpg,Other
Mark,Canha,../Photos/Mark_Canha.jpg,White
Reed,Garrett,../Photos/Reed_Garrett.jpg,White
Jacob,Barnes,../Photos/Jacob_Barnes.jpg,White
Maikel,Garcia,../Photos/Maikel_Garcia.jpg,Black
Estevan,Florial,../Photos/Estevan_Florial.jpg,Black
Jose,Cuas,../Photos/Jose_Cuas.jpg,Black
Johnny,Cueto,../Photos/Johnny_Cueto.jpg,Black
Calvin,Faucher,../Photos/Calvin_Faucher.jpg,White
Oscar,Gonzalez,../Photos/Oscar_Gonzalez.jpg,Black
Lewis,Brinson,../Photos/Lewis_Brinson.jpg,Black
Anthony,Castro,../Photos/Anthony_Castro.jpg,Black
Tanner,Banks,../Photos/Tanner_Banks.jpg,White
Ozzie,Albies,../Photos/Ozzie_Albies.jpg,Black
Vladimir,Gutierrez,../Photos/Vladimir_Gutierrez.jpg,Black
Monte,Harrison,../Photos/Monte_Harrison.jpg,Black
Kervin,Castro,../Photos/Kervin_Castro.jpg,Other
Tyler,Alexander,../Photos/Tyler_Alexander.jpg,White
Nick,Castellanos,../Photos/Nick_Castellanos.jpg,White
Ernie,Clement,../Photos/Ernie_Clement.jpg,White
Cooper,Criswell,../Photos/Cooper_Criswell.jpg,White
Jake,Fishman,../Photos/Jake_Fishman.jpg,White
Michael,Grove,../Photos/Michael_Grove.jpg,White
Guillermo,Heredia,../Photos/Guillermo_Heredia.jpg,Black
Ryan,Feltner,../Photos/Ryan_Feltner.jpg,White
Nick,Gordon,../Photos/Nick_Gordon.jpg,Black
Brock,Burke,../Photos/Brock_Burke.jpg,White
Akil,Baddoo,../Photos/Akil_Baddoo.jpg,Black
Zac,Gallen,../Photos/Zac_Gallen.jpg,White
Javier,Assad,../Photos/Javier_Assad.jpg,Other
Joe,Dunand,../Photos/Joe_Dunand.jpg,White
Ryan,Jeffers,../Photos/Ryan_Jeffers.jpg,White
Andrew,Heaney,../Photos/Andrew_Heaney.jpg,White
Willy,Adames,../Photos/Willy_Adames.jpg,Other
Chris,Ellis,../Photos/Chris_Ellis.jpg,White
Andrew,Chafin,../Photos/Andrew_Chafin.jpg,White
Drew,Carlton,../Photos/Drew_Carlton.jpg,White
Dylan,Bundy,../Photos/Dylan_Bundy.jpg,White
Daniel,Hudson,../Photos/Daniel_Hudson.jpg,White
Adam,Duvall,../Photos/Adam_Duvall.jpg,White
Aaron,Hicks,../Photos/Aaron_Hicks.jpg,Black
Tyler,Heineman,../Photos/Tyler_Heineman.jpg,White
Joey,Bart,../Photos/Joey_Bart.jpg,White
Sam,Howard,../Photos/Sam_Howard.jpg,White
Joe,Kelly,../Photos/Joe_Kelly.jpg,White
Cooper,Hummel,../Photos/Cooper_Hummel.jpg,White
Gabriel,Arias,../Photos/Gabriel_Arias.jpg,Other
Kris,Bryant,../Photos/Kris_Bryant.jpg,White
Nabil,Crismatt,../Photos/Nabil_Crismatt.jpg,Other
Eddy,Alvarez,../Photos/Eddy_Alvarez.jpg,Other
Nick,Fortes,../Photos/Nick_Fortes.jpg,White
J.P.,Feyereisen,../Photos/J.P._Feyereisen.jpg,White
Lorenzo,Cain,../Photos/Lorenzo_Cain.jpg,Black
Clint,Frazier,../Photos/Clint_Frazier.jpg,White
Scott,Effross,../Photos/Scott_Effross.jpg,White
Kyle,Barraclough,../Photos/Kyle_Barraclough.jpg,White
James,Kaprielian,../Photos/James_Kaprielian.jpg,White
Charlie,Blackmon,../Photos/Charlie_Blackmon.jpg,White
Shawn,Armstrong,../Photos/Shawn_Armstrong.jpg,White
Sam,Hilliard,../Photos/Sam_Hilliard.jpg,White
Oneil,Cruz,../Photos/Oneil_Cruz.jpg,Black
Maikel,Franco,../Photos/Maikel_Franco.jpg,Black
JT,Brubaker,../Photos/JT_Brubaker.jpg,White
Brendon,Davis,../Photos/Brendon_Davis.jpg,Black
Vaughn,Grissom,../Photos/Vaughn_Grissom.jpg,Other
Brian,Anderson,../Photos/Brian_Anderson.jpg,White
Chad,Green,../Photos/Chad_Green.jpg,White
Brandon,Dixon,../Photos/Brandon_Dixon.jpg,White
Orlando,Arcia,../Photos/Orlando_Arcia.jpg,Other
Tanner,Houck,../Photos/Tanner_Houck.jpg,White
Matt,Gage,../Photos/Matt_Gage.jpg,White
Tommy,Henry,../Photos/Tommy_Henry.jpg,White
Kyle,Garlick,../Photos/Kyle_Garlick.jpg,White
Bobby,Bradley,../Photos/Bobby_Bradley.jpg,Black
Nick,Duron,../Photos/Nick_Duron.jpg,White
Max,Castillo,../Photos/Max_Castillo.jpg,Other
Hunter,Greene,../Photos/Hunter_Greene.jpg,Black
Logan,Allen,../Photos/Logan_Allen.jpg,White
Dakota,Hudson,../Photos/Dakota_Hudson.jpg,White
Anthony,Alford,../Photos/Anthony_Alford.jpg,Black
Yency,Almonte,../Photos/Yency_Almonte.jpg,Black
Keegan,Akin,../Photos/Keegan_Akin.jpg,White
Austin,Allen,../Photos/Austin_Allen.jpg,White
Alex,Call,../Photos/Alex_Call.jpg,White
Jake,Hager,../Photos/Jake_Hager.jpg,White
Alec,Bohm,../Photos/Alec_Bohm.jpg,White
Bailey,Falter,../Photos/Bailey_Falter.jpg,White
Thairo,Estrada,../Photos/Thairo_Estrada.jpg,Other
TJ,Friedl,../Photos/TJ_Friedl.jpg,White
Matt,Foster,../Photos/Matt_Foster.jpg,White
Hunter,Gaddis,../Photos/Hunter_Gaddis.jpg,White
Randal,Grichuk,../Photos/Randal_Grichuk.jpg,White
William,Contreras,../Photos/William_Contreras.jpg,Other
Mitch,Keller,../Photos/Mitch_Keller.jpg,White
Travis,Demeritte,../Photos/Travis_Demeritte.jpg,Black
Willson,Contreras,../Photos/Willson_Contreras.jpg,Other
Eric,Haase,../Photos/Eric_Haase.jpg,White
Raynel,Espinal,../Photos/Raynel_Espinal.jpg,Other
Adam,Frazier,../Photos/Adam_Frazier.jpg,White
Aramis,Garcia,../Photos/Aramis_Garcia.jpg,Other
Mike,Clevinger,../Photos/Mike_Clevinger.jpg,White
Shane,Baz,../Photos/Shane_Baz.jpg,White
Jonah,Heim,../Photos/Jonah_Heim.jpg,White
Jeff,Brigham,../Photos/Jeff_Brigham.jpg,White
Heath,Hembree,../Photos/Heath_Hembree.jpg,White
Pete,Alonso,../Photos/Pete_Alonso.jpg,White
Drew,Hutchison,../Photos/Drew_Hutchison.jpg,White
Kohei,Arihara,../Photos/Kohei_Arihara.jpg,Asian
Eduard,Bazardo,../Photos/Eduard_Bazardo.jpg,Black
Xzavion,Curry,../Photos/Xzavion_Curry.jpg,Black
Aristides,Aquino,../Photos/Aristides_Aquino.jpg,Black
Reid,Detmers,../Photos/Reid_Detmers.jpg,White
Sam,Coonrod,../Photos/Sam_Coonrod.jpg,White
Pedro,Avila,../Photos/Pedro_Avila.jpg,Other
Luke,Barker,../Photos/Luke_Barker.jpg,White
Emmanuel,Clase,../Photos/Emmanuel_Clase.jpg,Black
Yainer,Diaz,../Photos/Yainer_Diaz.jpg,Other
Luis,Cessa,../Photos/Luis_Cessa.jpg,Other
Yasmani,Grandal,../Photos/Yasmani_Grandal.jpg,White
Christian,Arroyo,../Photos/Christian_Arroyo.jpg,White
Charlie,Culberson,../Photos/Charlie_Culberson.jpg,White
Ian,Anderson,../Photos/Ian_Anderson.jpg,White
Luis,Guillorme,../Photos/Luis_Guillorme.jpg,Other
Nolan,Jones,../Photos/Nolan_Jones.jpg,White
Christian,Bethancourt,../Photos/Christian_Bethancourt.jpg,Black
Alex,Claudio,../Photos/Alex_Claudio.jpg,White
Alec,Burleson,../Photos/Alec_Burleson.jpg,White
Cody,Bellinger,../Photos/Cody_Bellinger.jpg,White
Bryan,Hoeing,../Photos/Bryan_Hoeing.jpg,White
Jason,Alexander,../Photos/Jason_Alexander.jpg,White
Daniel,Bard,../Photos/Daniel_Bard.jpg,White
A.J.,Alexy,../Photos/A.J._Alexy.jpg,White
Ender,Inciarte,../Photos/Ender_Inciarte.jpg,White
Jake,Cronenworth,../Photos/Jake_Cronenworth.jpg,White
Yonny,Chirinos,../Photos/Yonny_Chirinos.jpg,Other
Jalen,Beeks,../Photos/Jalen_Beeks.jpg,White
Chase,Anderson,../Photos/Chase_Anderson.jpg,White
Carlos,Correa,../Photos/Carlos_Correa.jpg,Other
Kyle,Dowdy,../Photos/Kyle_Dowdy.jpg,White
Nate,Eaton,../Photos/Nate_Eaton.jpg,White
Humberto,Castellanos,../Photos/Humberto_Castellanos.jpg,Other
Nolan,Gorman,../Photos/Nolan_Gorman.jpg,White
David,Bednar,../Photos/David_Bednar.jpg,White
Austin,Brice,../Photos/Austin_Brice.jpg,White
Kody,Clemens,../Photos/Kody_Clemens.jpg,White
Garrett,Hill,../Photos/Garrett_Hill.jpg,White
Brett,Baty,../Photos/Brett_Baty.jpg,White
Jhoan,Duran,../Photos/Jhoan_Duran.jpg,Other
Jon,Gray,../Photos/Jon_Gray.jpg,White
Braxton,Garrett,../Photos/Braxton_Garrett.jpg,White
Hunter,Brown,../Photos/Hunter_Brown.jpg,White
Zach,Eflin,../Photos/Zach_Eflin.jpg,White
Roansy,Contreras,../Photos/Roansy_Contreras.jpg,Black
Dalton,Guthrie,../Photos/Dalton_Guthrie.jpg,Other
Kendall,Graveman,../Photos/Kendall_Graveman.jpg,White
David,Hensley,../Photos/David_Hensley.jpg,White
Daniel,Duarte,../Photos/Daniel_Duarte.jpg,Other
Kyle,Bradish,../Photos/Kyle_Bradish.jpg,White
Madison,Bumgarner,../Photos/Madison_Bumgarner.jpg,White
Luis,Arraez,../Photos/Luis_Arraez.jpg,Other
Robbie,Grossman,../Photos/Robbie_Grossman.jpg,White
Triston,Casas,../Photos/Triston_Casas.jpg,Other
Sam,Haggerty,../Photos/Sam_Haggerty.jpg,White
Adrian,Houser,../Photos/Adrian_Houser.jpg,White
Robert,Gsellman,../Photos/Robert_Gsellman.jpg,White
Mike,Ford,../Photos/Mike_Ford.jpg,White
Michael,Brantley,../Photos/Michael_Brantley.jpg,Other
Tim,Hill,../Photos/Tim_Hill.jpg,White
Yordan,Alvarez,../Photos/Yordan_Alvarez.jpg,Black
Alex,Bregman,../Photos/Alex_Bregman.jpg,White
Ian,Happ,../Photos/Ian_Happ.jpg,White
Franklin,German,../Photos/Franklin_German.jpg,White
Anthony,Bemboom,../Photos/Anthony_Bemboom.jpg,White
Trevor,Gott,../Photos/Trevor_Gott.jpg,White
Kyle,Finnegan,../Photos/Kyle_Finnegan.jpg,White
Josh,Harrison,../Photos/Josh_Harrison.jpg,Black
Brandon,Bielak,../Photos/Brandon_Bielak.jpg,White
Oswaldo,Cabrera,../Photos/Oswaldo_Cabrera.jpg,Other
Nico,Hoerner,../Photos/Nico_Hoerner.jpg,White
Austin,Davis,../Photos/Austin_Davis.jpg,White
Aaron,Ashby,../Photos/Aaron_Ashby.jpg,White
Kyle,Higashioka,../Photos/Kyle_Higashioka.jpg,White
Marco,Gonzales,../Photos/Marco_Gonzales.jpg,Other
Joey,Gallo,../Photos/Joey_Gallo.jpg,White
Tyler,Danish,../Photos/Tyler_Danish.jpg,White
Terrance,Gore,../Photos/Terrance_Gore.jpg,Black
Garrett,Cleavinger,../Photos/Garrett_Cleavinger.jpg,White
Michel,Baez,../Photos/Michel_Baez.jpg,Other
MacKenzie,Gore,../Photos/MacKenzie_Gore.jpg,White
Mychal,Givens,../Photos/Mychal_Givens.jpg,Black
Ryan,Helsley,../Photos/Ryan_Helsley.jpg,White
Tommy,Hunter,../Photos/Tommy_Hunter.jpg,White
Ryan,Borucki,../Photos/Ryan_Borucki.jpg,White
James,Karinchak,../Photos/James_Karinchak.jpg,White
Payton,Henry,../Photos/Payton_Henry.jpg,White
Corey,Dickerson,../Photos/Corey_Dickerson.jpg,White
Logan,Gillaspie,../Photos/Logan_Gillaspie.jpg,White
JJ,Bleday,../Photos/JJ_Bleday.jpg,White
Ronel,Blanco,../Photos/Ronel_Blanco.jpg,Black
Lucas,Giolito,../Photos/Lucas_Giolito.jpg,White
Ezequiel,Duran,../Photos/Ezequiel_Duran.jpg,Black
Seth,Brown,../Photos/Seth_Brown.jpg,White
J.P.,Crawford,../Photos/J.P._Crawford.jpg,Black
Colin,Holderman,../Photos/Colin_Holderman.jpg,White
Jarren,Duran,../Photos/Jarren_Duran.jpg,White
Giovanny,Gallegos,../Photos/Giovanny_Gallegos.jpg,Other
Bowden,Francis,../Photos/Bowden_Francis.jpg,White
Albert,Abreu,../Photos/Albert_Abreu.jpg,Other
Drew,Jackson,../Photos/Drew_Jackson.jpg,White
Sam,Clay,../Photos/Sam_Clay.jpg,White
Riley,Adams,../Photos/Riley_Adams.jpg,White
Brad,Keller,../Photos/Brad_Keller.jpg,White
David,Fletcher,../Photos/David_Fletcher.jpg,White
Jorge,Alcala,../Photos/Jorge_Alcala.jpg,Black
Scott,Alexander,../Photos/Scott_Alexander.jpg,White
Harrison,Bader,../Photos/Harrison_Bader.jpg,White
Matt,Festa,../Photos/Matt_Festa.jpg,White
Greg,Allen,../Photos/Greg_Allen.jpg,Black
Zach,Davies,../Photos/Zach_Davies.jpg,White
Didi,Gregorius,../Photos/Didi_Gregorius.jpg,Black
Seiya,Suzuki,../Photos/Seiya_Suzuki.jpg,Asian
David,Bote,../Photos/David_Bote.jpg,White
Tyler,Duffey,../Photos/Tyler_Duffey.jpg,White
Willi,Castro,../Photos/Willi_Castro.jpg,Other
Spencer,Howard,../Photos/Spencer_Howard.jpg,White
Cam,Gallagher,../Photos/Cam_Gallagher.jpg,White
Edward,Cabrera,../Photos/Edward_Cabrera.jpg,Black
Graham,Ashcraft,../Photos/Graham_Ashcraft.jpg,White
Dairon,Blanco,../Photos/Dairon_Blanco.jpg,Black
Jandel,Gustave,../Photos/Jandel_Gustave.jpg,Black
Cole,Irvin,../Photos/Cole_Irvin.jpg,White
Jordan,Hicks,../Photos/Jordan_Hicks.jpg,Black
Travis,Jankowski,../Photos/Travis_Jankowski.jpg,White
Jaylin,Davis,../Photos/Jaylin_Davis.jpg,Black
Darick,Hall,../Photos/Darick_Hall.jpg,White
Kyle,Hendricks,../Photos/Kyle_Hendricks.jpg,White
Chris,Bassitt,../Photos/Chris_Bassitt.jpg,White
Kenley,Jansen,../Photos/Kenley_Jansen.jpg,Black
Dylan,Floro,../Photos/Dylan_Floro.jpg,White
Vinny,Capra,../Photos/Vinny_Capra.jpg,White
Brad,Boxberger,../Photos/Brad_Boxberger.jpg,White
Stuart,Fairchild,../Photos/Stuart_Fairchild.jpg,Asian
Nelson,Cruz,../Photos/Nelson_Cruz.jpg,Other
Pierce,Johnson,../Photos/Pierce_Johnson.jpg,White
Franchy,Cordero,../Photos/Franchy_Cordero.jpg,Black
Tucker,Barnhart,../Photos/Tucker_Barnhart.jpg,White
Sean,Doolittle,../Photos/Sean_Doolittle.jpg,White
Kevin,Ginkel,../Photos/Kevin_Ginkel.jpg,White
Jonathan,Heasley,../Photos/Jonathan_Heasley.jpg,White
Taylor,Jones,../Photos/Taylor_Jones.jpg,Other
Austin,Hedges,../Photos/Austin_Hedges.jpg,White
Rich,Hill,../Photos/Rich_Hill.jpg,White
Kevin,Gausman,../Photos/Kevin_Gausman.jpg,White
Robert,Dugger,../Photos/Robert_Dugger.jpg,White
Anthony,Gose,../Photos/Anthony_Gose.jpg,Other
Tommy,Kahnle,../Photos/Tommy_Kahnle.jpg,White
Dylan,Cease,../Photos/Dylan_Cease.jpg,White
Tyler,Beede,../Photos/Tyler_Beede.jpg,White
Mike,Baumann,../Photos/Mike_Baumann.jpg,White
Robinson,Chirinos,../Photos/Robinson_Chirinos.jpg,Other
Jimmy,Herget,../Photos/Jimmy_Herget.jpg,White
Kyle,Gibson,../Photos/Kyle_Gibson.jpg,White
Jakob,Junis,../Photos/Jakob_Junis.jpg,White
Jordan,Holloway,../Photos/Jordan_Holloway.jpg,White
Jason,Delay,../Photos/Jason_Delay.jpg,White
Alex,Cobb,../Photos/Alex_Cobb.jpg,White
Paul,DeJong,../Photos/Paul_DeJong.jpg,White
John,Brebbia,../Photos/John_Brebbia.jpg,White
Logan,Gilbert,../Photos/Logan_Gilbert.jpg,White
Stone,Garrett,../Photos/Stone_Garrett.jpg,Black
Aaron,Brooks,../Photos/Aaron_Brooks.jpg,White
Jose,Altuve,../Photos/Jose_Altuve.jpg,White
Drew,Ellis,../Photos/Drew_Ellis.jpg,White
Kerry,Carpenter,../Photos/Kerry_Carpenter.jpg,White
Anthony,Bass,../Photos/Anthony_Bass.jpg,White
Jeremy,Beasley,../Photos/Jeremy_Beasley.jpg,White
Derek,Hill,../Photos/Derek_Hill.jpg,Black
Adam,Cimber,../Photos/Adam_Cimber.jpg,White
Buck,Farmer,../Photos/Buck_Farmer.jpg,White
Tyler,Clippard,../Photos/Tyler_Clippard.jpg,White
CJ,Abrams,../Photos/CJ_Abrams.jpg,Black
Austin,Gomber,../Photos/Austin_Gomber.jpg,White
Jose,Barrero,../Photos/Jose_Barrero.jpg,Black
Ross,Detwiler,../Photos/Ross_Detwiler.jpg,White
Nestor,Cortes,../Photos/Nestor_Cortes.jpg,Other
Michael,Fulmer,../Photos/Michael_Fulmer.jpg,White
Corbin,Burnes,../Photos/Corbin_Burnes.jpg,White
Luis,Garcia,../Photos/Luis_Garcia.jpg,Other
Daz,Cameron,../Photos/Daz_Cameron.jpg,Black
Luis,Gil,../Photos/Luis_Gil.jpg,Other
Hunter,Dozier,../Photos/Hunter_Dozier.jpg,White
Shane,Bieber,../Photos/Shane_Bieber.jpg,White
Josiah,Gray,../Photos/Josiah_Gray.jpg,Black
Jordan,Groshans,../Photos/Jordan_Groshans.jpg,White
Brusdar,Graterol,../Photos/Brusdar_Graterol.jpg,Other
Josh,Bell,../Photos/Josh_Bell.jpg,Black
JT,Chargois,../Photos/JT_Chargois.jpg,White
Rhys,Hoskins,../Photos/Rhys_Hoskins.jpg,White
Patrick,Corbin,../Photos/Patrick_Corbin.jpg,White
Rico,Garcia,../Photos/Rico_Garcia.jpg,Other
Brandon,Belt,../Photos/Brandon_Belt.jpg,White
Jeff,Hoffman,../Photos/Jeff_Hoffman.jpg,White
Santiago,Espinal,../Photos/Santiago_Espinal.jpg,Other
Garrett,Cooper,../Photos/Garrett_Cooper.jpg,White
Steven,Brault,../Photos/Steven_Brault.jpg,White
Zack,Britton,../Photos/Zack_Britton.jpg,White
Jake,Brentz,../Photos/Jake_Brentz.jpg,White
Gerrit,Cole,../Photos/Gerrit_Cole.jpg,White
Luke,Farrell,../Photos/Luke_Farrell.jpg,White
Foster,Griffin,../Photos/Foster_Griffin.jpg,White
Conner,Capel,../Photos/Conner_Capel.jpg,White
Jake,Cousins,../Photos/Jake_Cousins.jpg,White
Abraham,Almonte,../Photos/Abraham_Almonte.jpg,Black
Marwin,Gonzalez,../Photos/Marwin_Gonzalez.jpg,Other
Kyle,Freeland,../Photos/Kyle_Freeland.jpg,White
Ke'Bryan,Hayes,../Photos/Ke'Bryan_Hayes.jpg,Black
Drey,Jameson,../Photos/Drey_Jameson.jpg,White
Corbin,Carroll,../Photos/Corbin_Carroll.jpg,White
Michael,Hermosillo,../Photos/Michael_Hermosillo.jpg,Other
Shaun,Anderson,../Photos/Shaun_Anderson.jpg,White
Tyler,Gilbert,../Photos/Tyler_Gilbert.jpg,White
Jesus,Cruz,../Photos/Jesus_Cruz.jpg,Other
Diego,Castillo,../Photos/Diego_Castillo.jpg,Black
Diego,Castillo,../Photos/Diego_Castillo.jpg,Black
Tim,Beckham,../Photos/Tim_Beckham.jpg,Black
Daulton,Jefferies,../Photos/Daulton_Jefferies.jpg,White
Garrett,Hampson,../Photos/Garrett_Hampson.jpg,White
Ty,Blach,../Photos/Ty_Blach.jpg,White
Michael,Chavis,../Photos/Michael_Chavis.jpg,White
Huascar,Brazoban,../Photos/Huascar_Brazoban.jpg,Black
Greg,Holland,../Photos/Greg_Holland.jpg,White
Nick,Ahmed,../Photos/Nick_Ahmed.jpg,White
Travis,d'Arnaud,../Photos/Travis_d'Arnaud.jpg,White
Hunter,Harvey,../Photos/Hunter_Harvey.jpg,White
Miguel,Cabrera,../Photos/Miguel_Cabrera.jpg,Other
Matt,Brash,../Photos/Matt_Brash.jpg,White
Paolo,Espino,../Photos/Paolo_Espino.jpg,Other
Jordan,Diaz,../Photos/Jordan_Diaz.jpg,Other
Alex,Faedo,../Photos/Alex_Faedo.jpg,Other
Matt,Bush,../Photos/Matt_Bush.jpg,White
Andre,Jackson,../Photos/Andre_Jackson.jpg,Black
Max,Fried,../Photos/Max_Fried.jpg,White
Danny,Jansen,../Photos/Danny_Jansen.jpg,White
Steve,Cishek,../Photos/Steve_Cishek.jpg,Asian
Aaron,Bummer,../Photos/Aaron_Bummer.jpg,White
Joan,Adon,../Photos/Joan_Adon.jpg,Black
Anthony,Kay,../Photos/Anthony_Kay.jpg,White
Joe,Barlow,../Photos/Joe_Barlow.jpg,White
Ben,Gamel,../Photos/Ben_Gamel.jpg,White
Gunnar,Henderson,../Photos/Gunnar_Henderson.jpg,White
Josh,Fleming,../Photos/Josh_Fleming.jpg,White
Riley,Greene,../Photos/Riley_Greene.jpg,White
Brandon,Drury,../Photos/Brandon_Drury.jpg,White
Matthew,Batten,../Photos/Matthew_Batten.jpg,White
Freddy,Fermin,../Photos/Freddy_Fermin.jpg,White
Tucker,Davidson,../Photos/Tucker_Davidson.jpg,White
Mario,Feliciano,../Photos/Mario_Feliciano.jpg,Other
Luis,Campusano,../Photos/Luis_Campusano.jpg,Other
Byron,Buxton,../Photos/Byron_Buxton.jpg,Black
Javy,Guerra,../Photos/Javy_Guerra.jpg,Other
Narciso,Crook,../Photos/Narciso_Crook.jpg,Black
Harold,Castro,../Photos/Harold_Castro.jpg,Other
Hanser,Alberto,../Photos/Hanser_Alberto.jpg,Black
Jason,Castro,../Photos/Jason_Castro.jpg,White
Will,Benson,../Photos/Will_Benson.jpg,Black
Tim,Anderson,../Photos/Tim_Anderson.jpg,Black
Matt,Chapman,../Photos/Matt_Chapman.jpg,White
Nate,Fisher,../Photos/Nate_Fisher.jpg,White
Tyler,Freeman,../Photos/Tyler_Freeman.jpg,Other
Richard,Bleier,../Photos/Richard_Bleier.jpg,White
Jake,Cave,../Photos/Jake_Cave.jpg,White
Mitch,Garver,../Photos/Mitch_Garver.jpg,White
Aroldis,Chapman,../Photos/Aroldis_Chapman.jpg,Black
Anthony,DeSclafani,../Photos/Anthony_DeSclafani.jpg,White
Tres,Barrera,../Photos/Tres_Barrera.jpg,White
Jo,Adell,../Photos/Jo_Adell.jpg,Black
Janson,Junk,../Photos/Janson_Junk.jpg,White
Paul,Blackburn,../Photos/Paul_Blackburn.jpg,White
Brayan,Bello,../Photos/Brayan_Bello.jpg,Black
Austin,Barnes,../Photos/Austin_Barnes.jpg,White
Pete,Fairbanks,../Photos/Pete_Fairbanks.jpg,White
Lucius,Fox,../Photos/Lucius_Fox.jpg,Black
Bryce,Johnson,../Photos/Bryce_Johnson.jpg,White
Erick,Fedde,../Photos/Erick_Fedde.jpg,White
Cavan,Biggio,../Photos/Cavan_Biggio.jpg,White
Nathan,Eovaldi,../Photos/Nathan_Eovaldi.jpg,White
Phil,Bickford,../Photos/Phil_Bickford.jpg,White
Willians,Astudillo,../Photos/Willians_Astudillo.jpg,Other
Curt,Casali,../Photos/Curt_Casali.jpg,White
Keston,Hiura,../Photos/Keston_Hiura.jpg,Asian
Camilo,Doval,../Photos/Camilo_Doval.jpg,Black
Thomas,Hatch,../Photos/Thomas_Hatch.jpg,White
Jason,Heyward,../Photos/Jason_Heyward.jpg,Black
Dylan,Coleman,../Photos/Dylan_Coleman.jpg,White
Cam,Alldred,../Photos/Cam_Alldred.jpg,White
Jonathan,Davis,../Photos/Jonathan_Davis.jpg,Black
Paul,Fry,../Photos/Paul_Fry.jpg,White
Scott,Barlow,../Photos/Scott_Barlow.jpg,White
Jesse,Chavez,../Photos/Jesse_Chavez.jpg,Other
Jharel,Cotton,../Photos/Jharel_Cotton.jpg,Black
Carson,Kelly,../Photos/Carson_Kelly.jpg,White
Jake,Fraley,../Photos/Jake_Fraley.jpg,White
Cristian,Javier,../Photos/Cristian_Javier.jpg,Black
Dane,Dunning,../Photos/Dane_Dunning.jpg,Asian
Sam,Huff,../Photos/Sam_Huff.jpg,White
Wander,Franco,../Photos/Wander_Franco.jpg,Other
Ryan,Castellani,../Photos/Ryan_Castellani.jpg,White
Brandon,Hughes,../Photos/Brandon_Hughes.jpg,White
Liam,Hendriks,../Photos/Liam_Hendriks.jpg,White
Luis,Castillo,../Photos/Luis_Castillo.jpg,Other
Luis,Castillo,../Photos/Luis_Castillo.jpg,Other
Luis,Castillo,../Photos/Luis_Castillo.jpg,Other
Luis,Castillo,../Photos/Luis_Castillo.jpg,Other
Luis,Castillo,../Photos/Luis_Castillo.jpg,Other
Luis,Castillo,../Photos/Luis_Castillo.jpg,Other
Luis,Castillo,../Photos/Luis_Castillo.jpg,Other
Luis,Castillo,../Photos/Luis_Castillo.jpg,Other
Luis,Castillo,../Photos/Luis_Castillo.jpg,Other
Luis,Castillo,../Photos/Luis_Castillo.jpg,Other
Luis,Castillo,../Photos/Luis_Castillo.jpg,Other
Luis,Castillo,../Photos/Luis_Castillo.jpg,Other
Luis,Castillo,../Photos/Luis_Castillo.jpg,Other
Luis,Castillo,../Photos/Luis_Castillo.jpg,Other
Luis,Castillo,../Photos/Luis_Castillo.jpg,Other
Luis,Castillo,../Photos/Luis_Castillo.jpg,Other
Tyler,Holton,../Photos/Tyler_Holton.jpg,White
Bo,Bichette,../Photos/Bo_Bichette.jpg,Other
Sam,Hentges,../Photos/Sam_Hentges.jpg,White
Sandy,Alcantara,../Photos/Sandy_Alcantara.jpg,Other
Xander,Bogaerts,../Photos/Xander_Bogaerts.jpg,Other
Mike,Brosseau,../Photos/Mike_Brosseau.jpg,White
Rafael,Devers,../Photos/Rafael_Devers.jpg,Black
Travis,Blankenhorn,../Photos/Travis_Blankenhorn.jpg,White
Jay,Jackson,../Photos/Jay_Jackson.jpg,Black
Shane,Greene,../Photos/Shane_Greene.jpg,White
Jerad,Eickhoff,../Photos/Jerad_Eickhoff.jpg,White
Anthony,Bender,../Photos/Anthony_Bender.jpg,White
Fernando,Cruz,../Photos/Fernando_Cruz.jpg,Other
C.J.,Cron,../Photos/C.J._Cron.jpg,White
Johan,Camargo,../Photos/Johan_Camargo.jpg,Other
Cade,Cavalli,../Photos/Cade_Cavalli.jpg,White
Anderson,Espinoza,../Photos/Anderson_Espinoza.jpg,Black
Beau,Brieske,../Photos/Beau_Brieske.jpg,White
Connor,Joe,../Photos/Connor_Joe.jpg,Asian
Mookie,Betts,../Photos/Mookie_Betts.jpg,Black
Bryce,Elder,../Photos/Bryce_Elder.jpg,White
Gosuke,Katoh,../Photos/Gosuke_Katoh.jpg,Asian
Dustin,Garneau,../Photos/Dustin_Garneau.jpg,White
Will,Smith,../Photos/Will_Smith.jpg,Black
Taylor,Clarke,../Photos/Taylor_Clarke.jpg,White
DL,Hall,../Photos/DL_Hall.jpg,White
Trevor,Kelley,../Photos/Trevor_Kelley.jpg,White
Ronny,Henriquez,../Photos/Ronny_Henriquez.jpg,Other
Yadiel,Hernandez,../Photos/Yadiel_Hernandez.jpg,Other
Billy,Hamilton,../Photos/Billy_Hamilton.jpg,Black
Jeimer,Candelario,../Photos/Jeimer_Candelario.jpg,Other
Jacob,deGrom,../Photos/Jacob_deGrom.jpg,White
Jorge,Alfaro,../Photos/Jorge_Alfaro.jpg,Other
Miguel,Castro,../Photos/Miguel_Castro.jpg,Black
Ian,Gibaut,../Photos/Ian_Gibaut.jpg,White
Seth,Beer,../Photos/Seth_Beer.jpg,White
Damon,Jones,../Photos/Damon_Jones.jpg,White
Yonathan,Daza,../Photos/Yonathan_Daza.jpg,Other
Mark,Contreras,../Photos/Mark_Contreras.jpg,Other
Niko,Goodrum,../Photos/Niko_Goodrum.jpg,Black
Adbert,Alzolay,../Photos/Adbert_Alzolay.jpg,Other
Willie,Calhoun,../Photos/Willie_Calhoun.jpg,Other
Sonny,Gray,../Photos/Sonny_Gray.jpg,White
Kevin,Herget,../Photos/Kevin_Herget.jpg,White
Daniel,Castano,../Photos/Daniel_Castano.jpg,White
Rylan,Bannon,../Photos/Rylan_Bannon.jpg,White
Jose,Herrera,../Photos/Jose_Herrera.jpg,Other
Zach,Jackson,../Photos/Zach_Jackson.jpg,White
Steven,Duggar,../Photos/Steven_Duggar.jpg,White
Ronnie,Dawson,../Photos/Ronnie_Dawson.jpg,Black
Bryan,Abreu,../Photos/Bryan_Abreu.jpg,Other
Elvis,Andrus,../Photos/Elvis_Andrus.jpg,Black
Austin,Adams,../Photos/Austin_Adams.jpg,White
Jason,Adam,../Photos/Jason_Adam.jpg,White
Matt,Barnes,../Photos/Matt_Barnes.jpg,White
Kris,Bubic,../Photos/Kris_Bubic.jpg,White
Mitch,Haniger,../Photos/Mitch_Haniger.jpg,White
Austin,Dean,../Photos/Austin_Dean.jpg,White
Brad,Hand,../Photos/Brad_Hand.jpg,White
Tyler,Anderson,../Photos/Tyler_Anderson.jpg,White
Matt,Duffy,../Photos/Matt_Duffy.jpg,White
Luke,Bard,../Photos/Luke_Bard.jpg,White
Precious,Achiuwa,../Photos/Precious_Achiuwa.jpg,Black
Steven,Adams,../Photos/Steven_Adams.jpg,White
Bam,Adebayo,../Photos/Bam_Adebayo.jpg,Black
Ochai,Agbaji,../Photos/Ochai_Agbaji.jpg,Black
Santi,Aldama,../Photos/Santi_Aldama.jpg,White
Nickeil,Alexander-Walker,../Photos/Nickeil_Alexander-Walker.jpg,Black
Grayson,Allen,../Photos/Grayson_Allen.jpg,White
Jarrett,Allen,../Photos/Jarrett_Allen.jpg,Black
Jose,Alvarado,../Photos/Jose_Alvarado.jpg,Other
Kyle,Anderson,../Photos/Kyle_Anderson.jpg,Black
Giannis,Antetokounmpo,../Photos/Giannis_Antetokounmpo.jpg,Black
Thanasis,Antetokounmpo,../Photos/Thanasis_Antetokounmpo.jpg,Black
Cole,Anthony,../Photos/Cole_Anthony.jpg,Black
O.G.,Anunoby,../Photos/O.G._Anunoby.jpg,Black
Ryan,Arcidiacono,../Photos/Ryan_Arcidiacono.jpg,White
Deni,Avdija,../Photos/Deni_Avdija.jpg,White
Deandre,Ayton,../Photos/Deandre_Ayton.jpg,Black
Udoka,Azubuike,../Photos/Udoka_Azubuike.jpg,Black
Ibou,Badji,../Photos/Ibou_Badji.jpg,Black
Marvin,Bagley III,../Photos/Marvin_Bagley III.jpg,Black
Patrick,Baldwin Jr.,../Photos/Patrick_Baldwin Jr..jpg,White
LaMelo,Ball,../Photos/LaMelo_Ball.jpg,Black
Lonzo,Ball,../Photos/Lonzo_Ball.jpg,Black
Mo,Bamba,../Photos/Mo_Bamba.jpg,Black
Paolo,Banchero,../Photos/Paolo_Banchero.jpg,Black
Desmond,Bane,../Photos/Desmond_Bane.jpg,Black
Dalano,Banton,../Photos/Dalano_Banton.jpg,Black
Dominick,Barlow,../Photos/Dominick_Barlow.jpg,Black
Harrison,Barnes,../Photos/Harrison_Barnes.jpg,Black
Scottie,Barnes,../Photos/Scottie_Barnes.jpg,Black
RJ,Barrett,../Photos/RJ_Barrett.jpg,Black
Will,Barton,../Photos/Will_Barton.jpg,Black
Charles,Bassey,../Photos/Charles_Bassey.jpg,Black
Keita,Bates-Diop,../Photos/Keita_Bates-Diop.jpg,Black
Nicolas,Batum,../Photos/Nicolas_Batum.jpg,Other
Darius,Bazley,../Photos/Darius_Bazley.jpg,Black
Bradley,Beal,../Photos/Bradley_Beal.jpg,Black
Malik,Beasley,../Photos/Malik_Beasley.jpg,Black
MarJon,Beauchamp,../Photos/MarJon_Beauchamp.jpg,Black
Davis,Bertans,../Photos/Davis_Bertans.jpg,White
Patrick,Beverley,../Photos/Patrick_Beverley.jpg,Black
Saddiq,Bey,../Photos/Saddiq_Bey.jpg,Black
Khem,Birch,../Photos/Khem_Birch.jpg,Black
Goga,Bitadze,../Photos/Goga_Bitadze.jpg,White
Bismack,Biyombo,../Photos/Bismack_Biyombo.jpg,Black
Buddy,Boeheim,../Photos/Buddy_Boeheim.jpg,White
Bogdan,Bogdanovic,../Photos/Bogdan_Bogdanovic.jpg,White
Bojan,Bogdanovic,../Photos/Bojan_Bogdanovic.jpg,White
Bol,Bol,../Photos/Bol_Bol.jpg,Black
Leandro,Bolmaro,../Photos/Leandro_Bolmaro.jpg,White
Devin,Booker,../Photos/Devin_Booker.jpg,Black
Brandon,Boston Jr.,../Photos/Brandon_Boston Jr..jpg,Black
Chris,Boucher,../Photos/Chris_Boucher.jpg,Black
James,Bouknight,../Photos/James_Bouknight.jpg,Black
Jamaree,Bouyea,../Photos/Jamaree_Bouyea.jpg,Black
Tony,Bradley,../Photos/Tony_Bradley.jpg,Black
Malaki,Branham,../Photos/Malaki_Branham.jpg,Black
Christian,Braun,../Photos/Christian_Braun.jpg,White
Mikal,Bridges,../Photos/Mikal_Bridges.jpg,Black
Oshae,Brissett,../Photos/Oshae_Brissett.jpg,Black
Malcolm,Brogdon,../Photos/Malcolm_Brogdon.jpg,Black
Dillon,Brooks,../Photos/Dillon_Brooks.jpg,Black
Bruce,Brown,../Photos/Bruce_Brown.jpg,Black
Jaylen,Brown,../Photos/Jaylen_Brown.jpg,Black
Kendall,Brown,../Photos/Kendall_Brown.jpg,Black
Moses,Brown,../Photos/Moses_Brown.jpg,Black
Sterling,Brown,../Photos/Sterling_Brown.jpg,Black
Greg,Brown III,../Photos/Greg_Brown III.jpg,Black
Troy,Brown Jr.,../Photos/Troy_Brown Jr..jpg,Black
Jalen,Brunson,../Photos/Jalen_Brunson.jpg,Black
Thomas,Bryant,../Photos/Thomas_Bryant.jpg,Black
Reggie,Bullock,../Photos/Reggie_Bullock.jpg,Black
Alec,Burks,../Photos/Alec_Burks.jpg,Black
Deonte,Burton,../Photos/Deonte_Burton.jpg,Black
Jared,Butler,../Photos/Jared_Butler.jpg,Black
Jimmy,Butler,../Photos/Jimmy_Butler.jpg,Black
John,Butler Jr.,../Photos/John_Butler Jr..jpg,Black
Jamal,Cain,../Photos/Jamal_Cain.jpg,Black
Kentavious,Caldwell-Pope,../Photos/Kentavious_Caldwell-Pope.jpg,Black
Facundo,Campazzo,../Photos/Facundo_Campazzo.jpg,White
Vlatko,Cancar,../Photos/Vlatko_Cancar.jpg,White
Clint,Capela,../Photos/Clint_Capela.jpg,Black
Vernon,Carey Jr.,../Photos/Vernon_Carey Jr..jpg,Black
Jevon,Carter,../Photos/Jevon_Carter.jpg,Black
Wendell,Carter Jr.,../Photos/Wendell_Carter Jr..jpg,Black
Michael,Carter-Williams,../Photos/Michael_Carter-Williams.jpg,Black
Alex,Caruso,../Photos/Alex_Caruso.jpg,White
Julian,Champagnie,../Photos/Julian_Champagnie.jpg,Black
Justin,Champagnie,../Photos/Justin_Champagnie.jpg,Black
Kennedy,Chandler,../Photos/Kennedy_Chandler.jpg,Black
Max,Christie,../Photos/Max_Christie.jpg,Black
Josh,Christopher,../Photos/Josh_Christopher.jpg,Black
Brandon,Clarke,../Photos/Brandon_Clarke.jpg,Black
Jordan,Clarkson,../Photos/Jordan_Clarkson.jpg,Black
Nic,Claxton,../Photos/Nic_Claxton.jpg,Black
Amir,Coffey,../Photos/Amir_Coffey.jpg,Black
John,Collins,../Photos/John_Collins.jpg,Black
Zach,Collins,../Photos/Zach_Collins.jpg,White
Mike,Conley,../Photos/Mike_Conley.jpg,Black
Pat,Connaughton,../Photos/Pat_Connaughton.jpg,White
Robert,Covington,../Photos/Robert_Covington.jpg,Black
Torrey,Craig,../Photos/Torrey_Craig.jpg,Black
Jae,Crowder,../Photos/Jae_Crowder.jpg,Black
Jarrett,Culver,../Photos/Jarrett_Culver.jpg,Black
Cade,Cunningham,../Photos/Cade_Cunningham.jpg,Black
Seth,Curry,../Photos/Seth_Curry.jpg,Black
Stephen,Curry,../Photos/Stephen_Curry.jpg,Black
Dyson,Daniels,../Photos/Dyson_Daniels.jpg,Black
Anthony,Davis,../Photos/Anthony_Davis.jpg,Black
Johnny,Davis,../Photos/Johnny_Davis.jpg,Black
Terence,Davis,../Photos/Terence_Davis.jpg,Black
JD,Davison,../Photos/JD_Davison.jpg,Black
Darius,Days,../Photos/Darius_Days.jpg,Black
DeMar,DeRozan,../Photos/DeMar_DeRozan.jpg,Black
Dewayne,Dedmon,../Photos/Dewayne_Dedmon.jpg,Black
Matthew,Dellavedova,../Photos/Matthew_Dellavedova.jpg,White
Donte,DiVincenzo,../Photos/Donte_DiVincenzo.jpg,White
Moussa,Diabate,../Photos/Moussa_Diabate.jpg,Black
Mamadi,Diakite,../Photos/Mamadi_Diakite.jpg,Black
Hamidou,Diallo,../Photos/Hamidou_Diallo.jpg,Black
Gorgui,Dieng,../Photos/Gorgui_Dieng.jpg,Black
Ousmane,Dieng,../Photos/Ousmane_Dieng.jpg,Black
Spencer,Dinwiddie,../Photos/Spencer_Dinwiddie.jpg,Black
Luka,Doncic,../Photos/Luka_Doncic.jpg,White
Tyler,Dorsey,../Photos/Tyler_Dorsey.jpg,Black
Luguentz,Dort,../Photos/Luguentz_Dort.jpg,Black
Ayo,Dosunmu,../Photos/Ayo_Dosunmu.jpg,Black
Devon,Dotson,../Photos/Devon_Dotson.jpg,Black
Jeff,Dowtin Jr.,../Photos/Jeff_Dowtin Jr..jpg,Black
PJ,Dozier,../Photos/PJ_Dozier.jpg,Black
Goran,Dragic,../Photos/Goran_Dragic.jpg,White
Andre,Drummond,../Photos/Andre_Drummond.jpg,Black
Chris,Duarte,../Photos/Chris_Duarte.jpg,Black
David,Duke Jr.,../Photos/David_Duke Jr..jpg,Black
Kris,Dunn,../Photos/Kris_Dunn.jpg,Black
Kevin,Durant,../Photos/Kevin_Durant.jpg,Black
Kevin,Durant,../Photos/Kevin_Durant.jpg,Black
Jalen,Duren,../Photos/Jalen_Duren.jpg,Black
Tari,Eason,../Photos/Tari_Eason.jpg,Black
Anthony,Edwards,../Photos/Anthony_Edwards.jpg,Black
Kessler,Edwards,../Photos/Kessler_Edwards.jpg,Black
Keon,Ellis,../Photos/Keon_Ellis.jpg,Black
Joel,Embiid,../Photos/Joel_Embiid.jpg,Black
Drew,Eubanks,../Photos/Drew_Eubanks.jpg,White
Bruno,Fernando,../Photos/Bruno_Fernando.jpg,Black
Dorian,Finney-Smith,../Photos/Dorian_Finney-Smith.jpg,Black
Malachi,Flynn,../Photos/Malachi_Flynn.jpg,White
Simone,Fontecchio,../Photos/Simone_Fontecchio.jpg,White
Bryn,Forbes,../Photos/Bryn_Forbes.jpg,Black
Trent,Forrest,../Photos/Trent_Forrest.jpg,Black
Michael,Foster Jr.,../Photos/Michael_Foster Jr..jpg,Black
Evan,Fournier,../Photos/Evan_Fournier.jpg,Other
De'Aaron,Fox,../Photos/De'Aaron_Fox.jpg,Black
Markelle,Fultz,../Photos/Markelle_Fultz.jpg,Black
Wenyen,Gabriel,../Photos/Wenyen_Gabriel.jpg,Black
Daniel,Gafford,../Photos/Daniel_Gafford.jpg,Black
Danilo,Gallinari,../Photos/Danilo_Gallinari.jpg,White
Darius,Garland,../Photos/Darius_Garland.jpg,Black
Usman,Garuba,../Photos/Usman_Garuba.jpg,Black
Luka,Garza,../Photos/Luka_Garza.jpg,White
Rudy,Gay,../Photos/Rudy_Gay.jpg,Black
Paul,George,../Photos/Paul_George.jpg,Black
Taj,Gibson,../Photos/Taj_Gibson.jpg,Black
Josh,Giddey,../Photos/Josh_Giddey.jpg,White
Shai,Gilgeous-Alexander,../Photos/Shai_Gilgeous-Alexander.jpg,Black
Anthony,Gill,../Photos/Anthony_Gill.jpg,Black
Collin,Gillespie,../Photos/Collin_Gillespie.jpg,White
Rudy,Gobert,../Photos/Rudy_Gobert.jpg,Other
Rudy,Gobert,../Photos/Rudy_Gobert.jpg,Black
Jordan,Goodwin,../Photos/Jordan_Goodwin.jpg,Black
Aaron,Gordon,../Photos/Aaron_Gordon.jpg,Other
Eric,Gordon,../Photos/Eric_Gordon.jpg,Black
Devonte',Graham,../Photos/Devonte'_Graham.jpg,Black
Jerami,Grant,../Photos/Jerami_Grant.jpg,Black
AJ,Green,../Photos/AJ_Green.jpg,White
Danny,Green,../Photos/Danny_Green.jpg,Black
Draymond,Green,../Photos/Draymond_Green.jpg,Black
JaMychal,Green,../Photos/JaMychal_Green.jpg,Black
Jalen,Green,../Photos/Jalen_Green.jpg,Black
Javonte,Green,../Photos/Javonte_Green.jpg,Black
Jeff,Green,../Photos/Jeff_Green.jpg,Black
Josh,Green,../Photos/Josh_Green.jpg,Black
AJ,Griffin,../Photos/AJ_Griffin.jpg,Black
Blake,Griffin,../Photos/Blake_Griffin.jpg,White
Quentin,Grimes,../Photos/Quentin_Grimes.jpg,Black
Rui,Hachimura,../Photos/Rui_Hachimura.jpg,Black
Tyrese,Haliburton,../Photos/Tyrese_Haliburton.jpg,Black
Jordan,Hall,../Photos/Jordan_Hall.jpg,Black
R.J.,Hampton,../Photos/R.J._Hampton.jpg,Black
