First Name,Last Name,Path
Brewer,Hicklen.jpg,../Photos/Brewer_Hicklen.jpg
Joey,Votto.jpg,../Photos/Joey_Votto.jpg
Caleb,Ferguson.jpg,../Photos/Caleb_Ferguson.jpg
Kyle,Farmer.jpg,../Photos/Kyle_Farmer.jpg
Kolby,Allard.jpg,../Photos/Kolby_Allard.jpg
Kyle,Isbel.jpg,../Photos/Kyle_Isbel.jpg
Joel,Payamps.jpg,../Photos/Joel_Payamps.jpg
Griffin,Jax.jpg,../Photos/Griffin_Jax.jpg
Daniel,Mengden.jpg,../Photos/Daniel_Mengden.jpg
Jonah,Bride.jpg,../Photos/Jonah_Bride.jpg
Tony,Gonsolin.jpg,../Photos/Tony_Gonsolin.jpg
Phil,Gosselin.jpg,../Photos/Phil_Gosselin.jpg
Konnor,Pilkington.jpg,../Photos/Konnor_Pilkington.jpg
Miguel,Vargas.jpg,../Photos/Miguel_Vargas.jpg
Clay,Holmes.jpg,../Photos/Clay_Holmes.jpg
Nick,Nelson.jpg,../Photos/Nick_Nelson.jpg
Ford,Proctor.jpg,../Photos/Ford_Proctor.jpg
Peter,Strzelecki.jpg,../Photos/Peter_Strzelecki.jpg
Marcell,Ozuna.jpg,../Photos/Marcell_Ozuna.jpg
Justin,Dunn.jpg,../Photos/Justin_Dunn.jpg
Bryan,Garcia.jpg,../Photos/Bryan_Garcia.jpg
Jorge,Mateo.jpg,../Photos/Jorge_Mateo.jpg
Alcides,Escobar.jpg,../Photos/Alcides_Escobar.jpg
Jurickson,Profar.jpg,../Photos/Jurickson_Profar.jpg
Easton,McGee.jpg,../Photos/Easton_McGee.jpg
Robert,Stephenson.jpg,../Photos/Robert_Stephenson.jpg
Ryan,Aguilar.jpg,../Photos/Ryan_Aguilar.jpg
Corey,Knebel.jpg,../Photos/Corey_Knebel.jpg
Adonis,Medina.jpg,../Photos/Adonis_Medina.jpg
Deven,Marrero.jpg,../Photos/Deven_Marrero.jpg
Collin,Wiles.jpg,../Photos/Collin_Wiles.jpg
Andrew,Vaughn.jpg,../Photos/Andrew_Vaughn.jpg
Sean,Newcomb.jpg,../Photos/Sean_Newcomb.jpg
P.J.,Higgins.jpg,../Photos/P.J._Higgins.jpg
David,Phelps.jpg,../Photos/David_Phelps.jpg
Yuli,Gurriel.jpg,../Photos/Yuli_Gurriel.jpg
Yennier,Cano.jpg,../Photos/Yennier_Cano.jpg
Nate,Mondou.jpg,../Photos/Nate_Mondou.jpg
Connor,Sadzeck.jpg,../Photos/Connor_Sadzeck.jpg
Norge,Ruiz.jpg,../Photos/Norge_Ruiz.jpg
Josh,Lester.jpg,../Photos/Josh_Lester.jpg
Bo,Naylor.jpg,../Photos/Bo_Naylor.jpg
Robbie,Erlin.jpg,../Photos/Robbie_Erlin.jpg
Kevin,Plawecki.jpg,../Photos/Kevin_Plawecki.jpg
Kirby,Snead.jpg,../Photos/Kirby_Snead.jpg
Whit,Merrifield.jpg,../Photos/Whit_Merrifield.jpg
Ben,DeLuzio.jpg,../Photos/Ben_DeLuzio.jpg
Billy,McKinney.jpg,../Photos/Billy_McKinney.jpg
Lou,Trivino.jpg,../Photos/Lou_Trivino.jpg
Nolan,Arenado.jpg,../Photos/Nolan_Arenado.jpg
Jake,Marisnick.jpg,../Photos/Jake_Marisnick.jpg
Dee,Strange-Gordon.jpg,../Photos/Dee_Strange-Gordon.jpg
Sean,Poppen.jpg,../Photos/Sean_Poppen.jpg
Ian,Hamilton.jpg,../Photos/Ian_Hamilton.jpg
Alan,Trejo.jpg,../Photos/Alan_Trejo.jpg
Brendan,Donovan.jpg,../Photos/Brendan_Donovan.jpg
Edmundo,Sosa.jpg,../Photos/Edmundo_Sosa.jpg
Wil,Myers.jpg,../Photos/Wil_Myers.jpg
Ryan,McMahon.jpg,../Photos/Ryan_McMahon.jpg
Tarik,Skubal.jpg,../Photos/Tarik_Skubal.jpg
Kodi,Whitley.jpg,../Photos/Kodi_Whitley.jpg
Mike,Yastrzemski.jpg,../Photos/Mike_Yastrzemski.jpg
Miguel,Yajure.jpg,../Photos/Miguel_Yajure.jpg
Nick,Snyder.jpg,../Photos/Nick_Snyder.jpg
Anderson,Severino.jpg,../Photos/Anderson_Severino.jpg
Kenny,Rosenberg.jpg,../Photos/Kenny_Rosenberg.jpg
Cory,Abbott.jpg,../Photos/Cory_Abbott.jpg
Yu,Darvish.jpg,../Photos/Yu_Darvish.jpg
Josh,Palacios.jpg,../Photos/Josh_Palacios.jpg
Cody,Stashak.jpg,../Photos/Cody_Stashak.jpg
Greg,Weissert.jpg,../Photos/Greg_Weissert.jpg
Wade,Miley.jpg,../Photos/Wade_Miley.jpg
Tommy,Edman.jpg,../Photos/Tommy_Edman.jpg
Thomas,Szapucki.jpg,../Photos/Thomas_Szapucki.jpg
Victor,Reyes.jpg,../Photos/Victor_Reyes.jpg
Josh,Hader.jpg,../Photos/Josh_Hader.jpg
Sergio,Romo.jpg,../Photos/Sergio_Romo.jpg
Josh,Donaldson.jpg,../Photos/Josh_Donaldson.jpg
Taylor,Motter.jpg,../Photos/Taylor_Motter.jpg
Caleb,Hamilton.jpg,../Photos/Caleb_Hamilton.jpg
Connor,Brogdon.jpg,../Photos/Connor_Brogdon.jpg
Kyle,Schwarber.jpg,../Photos/Kyle_Schwarber.jpg
Connor,Wong.jpg,../Photos/Connor_Wong.jpg
Luis,Barrera.jpg,../Photos/Luis_Barrera.jpg
Dylan,Carlson.jpg,../Photos/Dylan_Carlson.jpg
Nick,Lodolo.jpg,../Photos/Nick_Lodolo.jpg
Trevor,May.jpg,../Photos/Trevor_May.jpg
Kirk,McCarty.jpg,../Photos/Kirk_McCarty.jpg
Joe,Perez.jpg,../Photos/Joe_Perez.jpg
Jarred,Kelenic.jpg,../Photos/Jarred_Kelenic.jpg
Trevor,Richards.jpg,../Photos/Trevor_Richards.jpg
Leury,Garcia.jpg,../Photos/Leury_Garcia.jpg
Caleb,Kilian.jpg,../Photos/Caleb_Kilian.jpg
Collin,McHugh.jpg,../Photos/Collin_McHugh.jpg
Brad,Miller.jpg,../Photos/Brad_Miller.jpg
Esteury,Ruiz.jpg,../Photos/Esteury_Ruiz.jpg
Taylor,Walls.jpg,../Photos/Taylor_Walls.jpg
Austin,Wynns.jpg,../Photos/Austin_Wynns.jpg
Adam,Oller.jpg,../Photos/Adam_Oller.jpg
Tylor,Megill.jpg,../Photos/Tylor_Megill.jpg
Raisel,Iglesias.jpg,../Photos/Raisel_Iglesias.jpg
Ken,Waldichuk.jpg,../Photos/Ken_Waldichuk.jpg
Cal,Mitchell.jpg,../Photos/Cal_Mitchell.jpg
Andrew,Bellatti.jpg,../Photos/Andrew_Bellatti.jpg
William,Woods.jpg,../Photos/William_Woods.jpg
Jason,Foley.jpg,../Photos/Jason_Foley.jpg
Jake,Bird.jpg,../Photos/Jake_Bird.jpg
Starling,Marte.jpg,../Photos/Starling_Marte.jpg
T.J.,Zeuch.jpg,../Photos/T.J._Zeuch.jpg
Patrick,Murphy.jpg,../Photos/Patrick_Murphy.jpg
Ian,Kennedy.jpg,../Photos/Ian_Kennedy.jpg
Tyler,Cyr.jpg,../Photos/Tyler_Cyr.jpg
Penn,Murfee.jpg,../Photos/Penn_Murfee.jpg
Rodolfo,Castro.jpg,../Photos/Rodolfo_Castro.jpg
Wandy,Peralta.jpg,../Photos/Wandy_Peralta.jpg
Eric,Hosmer.jpg,../Photos/Eric_Hosmer.jpg
Framber,Valdez.jpg,../Photos/Framber_Valdez.jpg
Franmil,Reyes.jpg,../Photos/Franmil_Reyes.jpg
Michael,Rucker.jpg,../Photos/Michael_Rucker.jpg
Hoby,Milner.jpg,../Photos/Hoby_Milner.jpg
Matt,Davidson.jpg,../Photos/Matt_Davidson.jpg
Tyler,O'Neill.jpg,../Photos/Tyler_O'Neill.jpg
Victor,Robles.jpg,../Photos/Victor_Robles.jpg
Jack,Mayfield.jpg,../Photos/Jack_Mayfield.jpg
Mark,Appel.jpg,../Photos/Mark_Appel.jpg
Kolten,Wong.jpg,../Photos/Kolten_Wong.jpg
Aaron,Fletcher.jpg,../Photos/Aaron_Fletcher.jpg
Sean,Bouchard.jpg,../Photos/Sean_Bouchard.jpg
Jake,Meyers.jpg,../Photos/Jake_Meyers.jpg
Yu,Chang.jpg,../Photos/Yu_Chang.jpg
Mickey,McDonald.jpg,../Photos/Mickey_McDonald.jpg
Michael,Feliz.jpg,../Photos/Michael_Feliz.jpg
Ryan,Brasier.jpg,../Photos/Ryan_Brasier.jpg
Casey,Mize.jpg,../Photos/Casey_Mize.jpg
Myles,Straw.jpg,../Photos/Myles_Straw.jpg
Randy,Arozarena.jpg,../Photos/Randy_Arozarena.jpg
Pedro,Severino.jpg,../Photos/Pedro_Severino.jpg
Jerar,Encarnacion.jpg,../Photos/Jerar_Encarnacion.jpg
Andrew,Benintendi.jpg,../Photos/Andrew_Benintendi.jpg
Devin,Smeltzer.jpg,../Photos/Devin_Smeltzer.jpg
Silvino,Bracho.jpg,../Photos/Silvino_Bracho.jpg
Triston,McKenzie.jpg,../Photos/Triston_McKenzie.jpg
Ashton,Goudeau.jpg,../Photos/Ashton_Goudeau.jpg
Jimmy,Yacabonis.jpg,../Photos/Jimmy_Yacabonis.jpg
Michael,King.jpg,../Photos/Michael_King.jpg
Tommy,Milone.jpg,../Photos/Tommy_Milone.jpg
Phoenix,Sanders.jpg,../Photos/Phoenix_Sanders.jpg
Adam,Haseley.jpg,../Photos/Adam_Haseley.jpg
Jack,Flaherty.jpg,../Photos/Jack_Flaherty.jpg
Noah,Davis.jpg,../Photos/Noah_Davis.jpg
Darin,Ruf.jpg,../Photos/Darin_Ruf.jpg
Jeurys,Familia.jpg,../Photos/Jeurys_Familia.jpg
Jon,Berti.jpg,../Photos/Jon_Berti.jpg
Zach,Thompson.jpg,../Photos/Zach_Thompson.jpg
Kevin,Kiermaier.jpg,../Photos/Kevin_Kiermaier.jpg
Tyler,Matzek.jpg,../Photos/Tyler_Matzek.jpg
Ethan,Roberts.jpg,../Photos/Ethan_Roberts.jpg
Nick,Allen.jpg,../Photos/Nick_Allen.jpg
Trent,Grisham.jpg,../Photos/Trent_Grisham.jpg
Grayson,Greiner.jpg,../Photos/Grayson_Greiner.jpg
Gregory,Soto.jpg,../Photos/Gregory_Soto.jpg
Kyle,Muller.jpg,../Photos/Kyle_Muller.jpg
Clarke,Schmidt.jpg,../Photos/Clarke_Schmidt.jpg
Salvador,Perez.jpg,../Photos/Salvador_Perez.jpg
Bryce,Harper.jpg,../Photos/Bryce_Harper.jpg
Brian,O'Keefe.jpg,../Photos/Brian_O'Keefe.jpg
Jose,Alvarez.jpg,../Photos/Jose_Alvarez.jpg
Cal,Quantrill.jpg,../Photos/Cal_Quantrill.jpg
Skye,Bolt.jpg,../Photos/Skye_Bolt.jpg
Dusten,Knight.jpg,../Photos/Dusten_Knight.jpg
Kyle,Wright.jpg,../Photos/Kyle_Wright.jpg
Reiss,Knehr.jpg,../Photos/Reiss_Knehr.jpg
Steven,Matz.jpg,../Photos/Steven_Matz.jpg
Michael,Lorenzen.jpg,../Photos/Michael_Lorenzen.jpg
Matt,Beaty.jpg,../Photos/Matt_Beaty.jpg
Spencer,Torkelson.jpg,../Photos/Spencer_Torkelson.jpg
Joey,Meneses.jpg,../Photos/Joey_Meneses.jpg
Bubby,Rossman.jpg,../Photos/Bubby_Rossman.jpg
Ryan,Kreidler.jpg,../Photos/Ryan_Kreidler.jpg
Sean,Hjelle.jpg,../Photos/Sean_Hjelle.jpg
James,Naile.jpg,../Photos/James_Naile.jpg
Sean,Murphy.jpg,../Photos/Sean_Murphy.jpg
Joey,Wentz.jpg,../Photos/Joey_Wentz.jpg
Ryan,Hendrix.jpg,../Photos/Ryan_Hendrix.jpg
Kole,Calhoun.jpg,../Photos/Kole_Calhoun.jpg
Daniel,Vogelbach.jpg,../Photos/Daniel_Vogelbach.jpg
Rob,Refsnyder.jpg,../Photos/Rob_Refsnyder.jpg
Josh,Naylor.jpg,../Photos/Josh_Naylor.jpg
Gabe,Speier.jpg,../Photos/Gabe_Speier.jpg
Freddie,Freeman.jpg,../Photos/Freddie_Freeman.jpg
Cole,Sulser.jpg,../Photos/Cole_Sulser.jpg
Lucas,Gilbreath.jpg,../Photos/Lucas_Gilbreath.jpg
Zack,Greinke.jpg,../Photos/Zack_Greinke.jpg
Luis,L. Ortiz.jpg,../Photos/Luis_L. Ortiz.jpg
Liover,Peguero.jpg,../Photos/Liover_Peguero.jpg
Joel,Kuhnel.jpg,../Photos/Joel_Kuhnel.jpg
Brennan,Bernardino.jpg,../Photos/Brennan_Bernardino.jpg
Chris,Devenski.jpg,../Photos/Chris_Devenski.jpg
Kyle,Crick.jpg,../Photos/Kyle_Crick.jpg
Emmanuel,Rivera.jpg,../Photos/Emmanuel_Rivera.jpg
Alex,Vesia.jpg,../Photos/Alex_Vesia.jpg
Eduardo,Escobar.jpg,../Photos/Eduardo_Escobar.jpg
Dennis,Santana.jpg,../Photos/Dennis_Santana.jpg
Tyler,Glasnow.jpg,../Photos/Tyler_Glasnow.jpg
Andrew,Vasquez.jpg,../Photos/Andrew_Vasquez.jpg
Justin,Grimm.jpg,../Photos/Justin_Grimm.jpg
Chris,Flexen.jpg,../Photos/Chris_Flexen.jpg
Kevin,Pillar.jpg,../Photos/Kevin_Pillar.jpg
JP,Sears.jpg,../Photos/JP_Sears.jpg
Sam,Selman.jpg,../Photos/Sam_Selman.jpg
Bobby,Dalbec.jpg,../Photos/Bobby_Dalbec.jpg
Louis,Head.jpg,../Photos/Louis_Head.jpg
Jason,Vosler.jpg,../Photos/Jason_Vosler.jpg
Ryan,Burr.jpg,../Photos/Ryan_Burr.jpg
Colin,Poche.jpg,../Photos/Colin_Poche.jpg
Keynan,Middleton.jpg,../Photos/Keynan_Middleton.jpg
Cristian,Pache.jpg,../Photos/Cristian_Pache.jpg
Kutter,Crawford.jpg,../Photos/Kutter_Crawford.jpg
Buddy,Kennedy.jpg,../Photos/Buddy_Kennedy.jpg
Alex,Jackson.jpg,../Photos/Alex_Jackson.jpg
Adam,Engel.jpg,../Photos/Adam_Engel.jpg
Gilberto,Celestino.jpg,../Photos/Gilberto_Celestino.jpg
Brett,Martin.jpg,../Photos/Brett_Martin.jpg
Zack,Weiss.jpg,../Photos/Zack_Weiss.jpg
Aaron,Civale.jpg,../Photos/Aaron_Civale.jpg
Matthew,Boyd.jpg,../Photos/Matthew_Boyd.jpg
Albert,Almora Jr..jpg,../Photos/Albert_Almora Jr..jpg
Matt,Dermody.jpg,../Photos/Matt_Dermody.jpg
Danny,Coulombe.jpg,../Photos/Danny_Coulombe.jpg
Rob,Brantly.jpg,../Photos/Rob_Brantly.jpg
Elvis,Peguero.jpg,../Photos/Elvis_Peguero.jpg
Josh,H. Smith.jpg,../Photos/Josh_H. Smith.jpg
Evan,Lee.jpg,../Photos/Evan_Lee.jpg
Taylor,Hearn.jpg,../Photos/Taylor_Hearn.jpg
Marcus,Semien.jpg,../Photos/Marcus_Semien.jpg
Lenyn,Sosa.jpg,../Photos/Lenyn_Sosa.jpg
Justus,Sheffield.jpg,../Photos/Justus_Sheffield.jpg
Zack,Collins.jpg,../Photos/Zack_Collins.jpg
Chris,Mazza.jpg,../Photos/Chris_Mazza.jpg
Hunter,Strickland.jpg,../Photos/Hunter_Strickland.jpg
Packy,Naughton.jpg,../Photos/Packy_Naughton.jpg
Zach,McKinstry.jpg,../Photos/Zach_McKinstry.jpg
Wil,Crowe.jpg,../Photos/Wil_Crowe.jpg
Ty,France.jpg,../Photos/Ty_France.jpg
Archie,Bradley.jpg,../Photos/Archie_Bradley.jpg
Jeter,Downs.jpg,../Photos/Jeter_Downs.jpg
Ryan,McKenna.jpg,../Photos/Ryan_McKenna.jpg
Austin,Hays.jpg,../Photos/Austin_Hays.jpg
Matt,Thaiss.jpg,../Photos/Matt_Thaiss.jpg
J.D.,Davis.jpg,../Photos/J.D._Davis.jpg
Ken,Giles.jpg,../Photos/Ken_Giles.jpg
Amir,Garrett.jpg,../Photos/Amir_Garrett.jpg
Matt,Carpenter.jpg,../Photos/Matt_Carpenter.jpg
Jeremiah,Estrada.jpg,../Photos/Jeremiah_Estrada.jpg
Kyle,Stowers.jpg,../Photos/Kyle_Stowers.jpg
Eduardo,Rodriguez.jpg,../Photos/Eduardo_Rodriguez.jpg
Jake,Diekman.jpg,../Photos/Jake_Diekman.jpg
David,Villar.jpg,../Photos/David_Villar.jpg
Alex,Kirilloff.jpg,../Photos/Alex_Kirilloff.jpg
Jonathan,India.jpg,../Photos/Jonathan_India.jpg
Jake,Burger.jpg,../Photos/Jake_Burger.jpg
Josh,Jung.jpg,../Photos/Josh_Jung.jpg
Andrew,Knapp.jpg,../Photos/Andrew_Knapp.jpg
Max,Schrock.jpg,../Photos/Max_Schrock.jpg
Elier,Hernandez.jpg,../Photos/Elier_Hernandez.jpg
Cole,Ragans.jpg,../Photos/Cole_Ragans.jpg
Domingo,Acevedo.jpg,../Photos/Domingo_Acevedo.jpg
Victor,Caratini.jpg,../Photos/Victor_Caratini.jpg
Kevin,Smith.jpg,../Photos/Kevin_Smith.jpg
Michael,Perez.jpg,../Photos/Michael_Perez.jpg
Wynton,Bernard.jpg,../Photos/Wynton_Bernard.jpg
Zach,Pop.jpg,../Photos/Zach_Pop.jpg
Jake,Odorizzi.jpg,../Photos/Jake_Odorizzi.jpg
Trevor,Williams.jpg,../Photos/Trevor_Williams.jpg
Ehire,Adrianza.jpg,../Photos/Ehire_Adrianza.jpg
R.J.,Alvarez.jpg,../Photos/R.J._Alvarez.jpg
Ryne,Stanek.jpg,../Photos/Ryne_Stanek.jpg
Jonathan,Villar.jpg,../Photos/Jonathan_Villar.jpg
Wilmer,Difo.jpg,../Photos/Wilmer_Difo.jpg
Chris,Archer.jpg,../Photos/Chris_Archer.jpg
Marcus,Stroman.jpg,../Photos/Marcus_Stroman.jpg
Bryan,Baker.jpg,../Photos/Bryan_Baker.jpg
Austin,Pruitt.jpg,../Photos/Austin_Pruitt.jpg
Anthony,Banda.jpg,../Photos/Anthony_Banda.jpg
Julian,Merryweather.jpg,../Photos/Julian_Merryweather.jpg
Yan,Gomes.jpg,../Photos/Yan_Gomes.jpg
Cedric,Mullins.jpg,../Photos/Cedric_Mullins.jpg
Josh,Lowe.jpg,../Photos/Josh_Lowe.jpg
Wilmer,Flores.jpg,../Photos/Wilmer_Flores.jpg
Tommy,Pham.jpg,../Photos/Tommy_Pham.jpg
Brandon,Crawford.jpg,../Photos/Brandon_Crawford.jpg
Louie,Varland.jpg,../Photos/Louie_Varland.jpg
Justin,Steele.jpg,../Photos/Justin_Steele.jpg
Peyton,Burdick.jpg,../Photos/Peyton_Burdick.jpg
Gavin,Hollowell.jpg,../Photos/Gavin_Hollowell.jpg
Jonathan,Aranda.jpg,../Photos/Jonathan_Aranda.jpg
Brandon,Nimmo.jpg,../Photos/Brandon_Nimmo.jpg
Taylor,Widener.jpg,../Photos/Taylor_Widener.jpg
Khalil,Lee.jpg,../Photos/Khalil_Lee.jpg
Justin,Lawrence.jpg,../Photos/Justin_Lawrence.jpg
Aaron,Judge.jpg,../Photos/Aaron_Judge.jpg
Ji,Hwan Bae.jpg,../Photos/Ji_Hwan Bae.jpg
Miguel,Andujar.jpg,../Photos/Miguel_Andujar.jpg
Joey,Krehbiel.jpg,../Photos/Joey_Krehbiel.jpg
Alex,Dickerson.jpg,../Photos/Alex_Dickerson.jpg
Paul,Goldschmidt.jpg,../Photos/Paul_Goldschmidt.jpg
Joe,Musgrove.jpg,../Photos/Joe_Musgrove.jpg
Davis,Martin.jpg,../Photos/Davis_Martin.jpg
Will,Brennan.jpg,../Photos/Will_Brennan.jpg
Hyun,Jin Ryu.jpg,../Photos/Hyun_Jin Ryu.jpg
Jhonathan,Diaz.jpg,../Photos/Jhonathan_Diaz.jpg
Carlos,Carrasco.jpg,../Photos/Carlos_Carrasco.jpg
T.J.,McFarland.jpg,../Photos/T.J._McFarland.jpg
Mark,Canha.jpg,../Photos/Mark_Canha.jpg
Rowan,Wick.jpg,../Photos/Rowan_Wick.jpg
Reed,Garrett.jpg,../Photos/Reed_Garrett.jpg
Jacob,Barnes.jpg,../Photos/Jacob_Barnes.jpg
Maikel,Garcia.jpg,../Photos/Maikel_Garcia.jpg
Estevan,Florial.jpg,../Photos/Estevan_Florial.jpg
Alex,Lange.jpg,../Photos/Alex_Lange.jpg
Donovan,Walton.jpg,../Photos/Donovan_Walton.jpg
Lance,Lynn.jpg,../Photos/Lance_Lynn.jpg
Luke,Maile.jpg,../Photos/Luke_Maile.jpg
Austin,Riley.jpg,../Photos/Austin_Riley.jpg
Jose,Cuas.jpg,../Photos/Jose_Cuas.jpg
Bryan,Reynolds.jpg,../Photos/Bryan_Reynolds.jpg
Anthony,Misiewicz.jpg,../Photos/Anthony_Misiewicz.jpg
Johnny,Cueto.jpg,../Photos/Johnny_Cueto.jpg
Hunter,Renfroe.jpg,../Photos/Hunter_Renfroe.jpg
Erich,Uelmen.jpg,../Photos/Erich_Uelmen.jpg
Calvin,Faucher.jpg,../Photos/Calvin_Faucher.jpg
Jonathan,Schoop.jpg,../Photos/Jonathan_Schoop.jpg
Esteban,Quiroz.jpg,../Photos/Esteban_Quiroz.jpg
Tyler,Rogers.jpg,../Photos/Tyler_Rogers.jpg
Oscar,Gonzalez.jpg,../Photos/Oscar_Gonzalez.jpg
Zach,Reks.jpg,../Photos/Zach_Reks.jpg
Jhon,Romero.jpg,../Photos/Jhon_Romero.jpg
Cody,Poteet.jpg,../Photos/Cody_Poteet.jpg
Lewis,Brinson.jpg,../Photos/Lewis_Brinson.jpg
Christian,Walker.jpg,../Photos/Christian_Walker.jpg
Tyler,Mahle.jpg,../Photos/Tyler_Mahle.jpg
Gerardo,Reyes.jpg,../Photos/Gerardo_Reyes.jpg
Yonny,Hernandez.jpg,../Photos/Yonny_Hernandez.jpg
Anthony,Castro.jpg,../Photos/Anthony_Castro.jpg
Tanner,Banks.jpg,../Photos/Tanner_Banks.jpg
Ozzie,Albies.jpg,../Photos/Ozzie_Albies.jpg
Chase,De Jong.jpg,../Photos/Chase_De Jong.jpg
Vladimir,Gutierrez.jpg,../Photos/Vladimir_Gutierrez.jpg
Monte,Harrison.jpg,../Photos/Monte_Harrison.jpg
Locke,St. John.jpg,../Photos/Locke_St. John.jpg
Michael,Papierski.jpg,../Photos/Michael_Papierski.jpg
Kervin,Castro.jpg,../Photos/Kervin_Castro.jpg
Tyler,Alexander.jpg,../Photos/Tyler_Alexander.jpg
Robert,Suarez.jpg,../Photos/Robert_Suarez.jpg
Nick,Castellanos.jpg,../Photos/Nick_Castellanos.jpg
Ernie,Clement.jpg,../Photos/Ernie_Clement.jpg
Cooper,Criswell.jpg,../Photos/Cooper_Criswell.jpg
Jake,Fishman.jpg,../Photos/Jake_Fishman.jpg
Ketel,Marte.jpg,../Photos/Ketel_Marte.jpg
Michael,Grove.jpg,../Photos/Michael_Grove.jpg
Conner,Menez.jpg,../Photos/Conner_Menez.jpg
Guillermo,Heredia.jpg,../Photos/Guillermo_Heredia.jpg
Reese,McGuire.jpg,../Photos/Reese_McGuire.jpg
Ryan,Feltner.jpg,../Photos/Ryan_Feltner.jpg
Nick,Gordon.jpg,../Photos/Nick_Gordon.jpg
Ryan,Weathers.jpg,../Photos/Ryan_Weathers.jpg
Brock,Burke.jpg,../Photos/Brock_Burke.jpg
Tim,Locastro.jpg,../Photos/Tim_Locastro.jpg
Cole,Waites.jpg,../Photos/Cole_Waites.jpg
Steven,Souza Jr..jpg,../Photos/Steven_Souza Jr..jpg
Matt,Olson.jpg,../Photos/Matt_Olson.jpg
Akil,Baddoo.jpg,../Photos/Akil_Baddoo.jpg
Zac,Gallen.jpg,../Photos/Zac_Gallen.jpg
Jake,Reed.jpg,../Photos/Jake_Reed.jpg
Javier,Assad.jpg,../Photos/Javier_Assad.jpg
Luis,F. Ortiz.jpg,../Photos/Luis_F. Ortiz.jpg
Joe,Dunand.jpg,../Photos/Joe_Dunand.jpg
Dillon,Thomas.jpg,../Photos/Dillon_Thomas.jpg
Zack,Short.jpg,../Photos/Zack_Short.jpg
Ryan,Jeffers.jpg,../Photos/Ryan_Jeffers.jpg
Andrew,Heaney.jpg,../Photos/Andrew_Heaney.jpg
Juan,Soto.jpg,../Photos/Juan_Soto.jpg
Ildemaro,Vargas.jpg,../Photos/Ildemaro_Vargas.jpg
AJ,Pollock.jpg,../Photos/AJ_Pollock.jpg
Parker,Markel.jpg,../Photos/Parker_Markel.jpg
Tucupita,Marcano.jpg,../Photos/Tucupita_Marcano.jpg
Willy,Adames.jpg,../Photos/Willy_Adames.jpg
Trey,Mancini.jpg,../Photos/Trey_Mancini.jpg
Chris,Ellis.jpg,../Photos/Chris_Ellis.jpg
Romy,Gonzalez.jpg,../Photos/Romy_Gonzalez.jpg
David,MacKinnon.jpg,../Photos/David_MacKinnon.jpg
Travis,Shaw.jpg,../Photos/Travis_Shaw.jpg
Andrew,Chafin.jpg,../Photos/Andrew_Chafin.jpg
Drew,Carlton.jpg,../Photos/Drew_Carlton.jpg
Blake,Treinen.jpg,../Photos/Blake_Treinen.jpg
Dylan,Bundy.jpg,../Photos/Dylan_Bundy.jpg
Daniel,Hudson.jpg,../Photos/Daniel_Hudson.jpg
Walker,Buehler.jpg,../Photos/Walker_Buehler.jpg
Matt,Vierling.jpg,../Photos/Matt_Vierling.jpg
Adam,Duvall.jpg,../Photos/Adam_Duvall.jpg
Aaron,Hicks.jpg,../Photos/Aaron_Hicks.jpg
Austin,Warren.jpg,../Photos/Austin_Warren.jpg
Bligh,Madris.jpg,../Photos/Bligh_Madris.jpg
Tyler,Heineman.jpg,../Photos/Tyler_Heineman.jpg
Mark,Payton.jpg,../Photos/Mark_Payton.jpg
J.D.,Martinez.jpg,../Photos/J.D._Martinez.jpg
Jason,Krizan.jpg,../Photos/Jason_Krizan.jpg
Owen,Miller.jpg,../Photos/Owen_Miller.jpg
Joey,Bart.jpg,../Photos/Joey_Bart.jpg
Cody,Morris.jpg,../Photos/Cody_Morris.jpg
Sam,Howard.jpg,../Photos/Sam_Howard.jpg
George,Kirby.jpg,../Photos/George_Kirby.jpg
Parker,Mushinski.jpg,../Photos/Parker_Mushinski.jpg
Danny,Mendick.jpg,../Photos/Danny_Mendick.jpg
Jackson,Kowar.jpg,../Photos/Jackson_Kowar.jpg
David,Peterson.jpg,../Photos/David_Peterson.jpg
Max,Scherzer.jpg,../Photos/Max_Scherzer.jpg
Joe,Kelly.jpg,../Photos/Joe_Kelly.jpg
xd3scar,Mercado.jpg,../Photos/xd3scar_Mercado.jpg
Matt,Manning.jpg,../Photos/Matt_Manning.jpg
Joc,Pederson.jpg,../Photos/Joc_Pederson.jpg
Cooper,Hummel.jpg,../Photos/Cooper_Hummel.jpg
Gabriel,Arias.jpg,../Photos/Gabriel_Arias.jpg
Kris,Bryant.jpg,../Photos/Kris_Bryant.jpg
Nabil,Crismatt.jpg,../Photos/Nabil_Crismatt.jpg
Luis,Liberato.jpg,../Photos/Luis_Liberato.jpg
Eddy,Alvarez.jpg,../Photos/Eddy_Alvarez.jpg
Nick,Fortes.jpg,../Photos/Nick_Fortes.jpg
J.P.,Feyereisen.jpg,../Photos/J.P._Feyereisen.jpg
Luis,Robert Jr..jpg,../Photos/Luis_Robert Jr..jpg
Lorenzo,Cain.jpg,../Photos/Lorenzo_Cain.jpg
Christian,Lopes.jpg,../Photos/Christian_Lopes.jpg
Clint,Frazier.jpg,../Photos/Clint_Frazier.jpg
Scott,Effross.jpg,../Photos/Scott_Effross.jpg
Kyle,Barraclough.jpg,../Photos/Kyle_Barraclough.jpg
Chris,Okey.jpg,../Photos/Chris_Okey.jpg
Seth,Lugo.jpg,../Photos/Seth_Lugo.jpg
Simeon,Woods Richardson.jpg,../Photos/Simeon_Woods Richardson.jpg
James,Kaprielian.jpg,../Photos/James_Kaprielian.jpg
Mauricio,Llovera.jpg,../Photos/Mauricio_Llovera.jpg
Blake,Snell.jpg,../Photos/Blake_Snell.jpg
Austin,Voth.jpg,../Photos/Austin_Voth.jpg
Mike,Trout.jpg,../Photos/Mike_Trout.jpg
Charlie,Blackmon.jpg,../Photos/Charlie_Blackmon.jpg
Manuel,Margot.jpg,../Photos/Manuel_Margot.jpg
Tyler,Wade.jpg,../Photos/Tyler_Wade.jpg
Travis,Lakins Sr..jpg,../Photos/Travis_Lakins Sr..jpg
Shawn,Armstrong.jpg,../Photos/Shawn_Armstrong.jpg
Nick,Maton.jpg,../Photos/Nick_Maton.jpg
Sam,Hilliard.jpg,../Photos/Sam_Hilliard.jpg
Oneil,Cruz.jpg,../Photos/Oneil_Cruz.jpg
Carlos,Santana.jpg,../Photos/Carlos_Santana.jpg
Patrick,Sandoval.jpg,../Photos/Patrick_Sandoval.jpg
Lourdes,Gurriel Jr..jpg,../Photos/Lourdes_Gurriel Jr..jpg
Hoy,Park.jpg,../Photos/Hoy_Park.jpg
Livan,Soto.jpg,../Photos/Livan_Soto.jpg
Maikel,Franco.jpg,../Photos/Maikel_Franco.jpg
JT,Brubaker.jpg,../Photos/JT_Brubaker.jpg
Brendon,Davis.jpg,../Photos/Brendon_Davis.jpg
Vaughn,Grissom.jpg,../Photos/Vaughn_Grissom.jpg
Brian,Anderson.jpg,../Photos/Brian_Anderson.jpg
Nomar,Mazara.jpg,../Photos/Nomar_Mazara.jpg
Chad,Green.jpg,../Photos/Chad_Green.jpg
Matthew,Liberatore.jpg,../Photos/Matthew_Liberatore.jpg
Brandon,Dixon.jpg,../Photos/Brandon_Dixon.jpg
Orlando,Arcia.jpg,../Photos/Orlando_Arcia.jpg
Leody,Taveras.jpg,../Photos/Leody_Taveras.jpg
Ryan,Yarbrough.jpg,../Photos/Ryan_Yarbrough.jpg
Jared,Young.jpg,../Photos/Jared_Young.jpg
Bailey,Ober.jpg,../Photos/Bailey_Ober.jpg
Tanner,Houck.jpg,../Photos/Tanner_Houck.jpg
Sam,Long.jpg,../Photos/Sam_Long.jpg
Kyle,Tyler.jpg,../Photos/Kyle_Tyler.jpg
Aaron,Whitefield.jpg,../Photos/Aaron_Whitefield.jpg
Spenser,Watkins.jpg,../Photos/Spenser_Watkins.jpg
Matt,Gage.jpg,../Photos/Matt_Gage.jpg
Tommy,Henry.jpg,../Photos/Tommy_Henry.jpg
Chad,Kuhl.jpg,../Photos/Chad_Kuhl.jpg
Matt,Strahm.jpg,../Photos/Matt_Strahm.jpg
Kyle,Garlick.jpg,../Photos/Kyle_Garlick.jpg
Bobby,Bradley.jpg,../Photos/Bobby_Bradley.jpg
Nick,Duron.jpg,../Photos/Nick_Duron.jpg
Max,Castillo.jpg,../Photos/Max_Castillo.jpg
Hunter,Greene.jpg,../Photos/Hunter_Greene.jpg
Logan,Allen.jpg,../Photos/Logan_Allen.jpg
Dixon,Machado.jpg,../Photos/Dixon_Machado.jpg
Jordan,Lyles.jpg,../Photos/Jordan_Lyles.jpg
Dakota,Hudson.jpg,../Photos/Dakota_Hudson.jpg
Anthony,Alford.jpg,../Photos/Anthony_Alford.jpg
Yency,Almonte.jpg,../Photos/Yency_Almonte.jpg
Mark,Mathias.jpg,../Photos/Mark_Mathias.jpg
Adam,Kolarek.jpg,../Photos/Adam_Kolarek.jpg
Miles,Mastrobuoni.jpg,../Photos/Miles_Mastrobuoni.jpg
Keegan,Akin.jpg,../Photos/Keegan_Akin.jpg
Jazz,Chisholm Jr..jpg,../Photos/Jazz_Chisholm Jr..jpg
Austin,Allen.jpg,../Photos/Austin_Allen.jpg
Alex,Call.jpg,../Photos/Alex_Call.jpg
Jake,Hager.jpg,../Photos/Jake_Hager.jpg
Michael,Stefanic.jpg,../Photos/Michael_Stefanic.jpg
Alec,Bohm.jpg,../Photos/Alec_Bohm.jpg
Bailey,Falter.jpg,../Photos/Bailey_Falter.jpg
Geraldo,Perdomo.jpg,../Photos/Geraldo_Perdomo.jpg
Tyler,Thornburg.jpg,../Photos/Tyler_Thornburg.jpg
Thairo,Estrada.jpg,../Photos/Thairo_Estrada.jpg
Drew,Smith.jpg,../Photos/Drew_Smith.jpg
TJ,Friedl.jpg,../Photos/TJ_Friedl.jpg
Brandon,Marsh.jpg,../Photos/Brandon_Marsh.jpg
Tony,Kemp.jpg,../Photos/Tony_Kemp.jpg
Andrew,Velazquez.jpg,../Photos/Andrew_Velazquez.jpg
Bubba,Thompson.jpg,../Photos/Bubba_Thompson.jpg
Stephen,Nogosek.jpg,../Photos/Stephen_Nogosek.jpg
Andrew,McCutchen.jpg,../Photos/Andrew_McCutchen.jpg
Frank,Schwindel.jpg,../Photos/Frank_Schwindel.jpg
Ji,Man Choi.jpg,../Photos/Ji_Man Choi.jpg
Matt,Foster.jpg,../Photos/Matt_Foster.jpg
Luke,Weaver.jpg,../Photos/Luke_Weaver.jpg
Ralph,Garza Jr..jpg,../Photos/Ralph_Garza Jr..jpg
Steven,Okert.jpg,../Photos/Steven_Okert.jpg
Austin,Romine.jpg,../Photos/Austin_Romine.jpg
Sean,Manaea.jpg,../Photos/Sean_Manaea.jpg
Darwinzon,Hernandez.jpg,../Photos/Darwinzon_Hernandez.jpg
Hirokazu,Sawamura.jpg,../Photos/Hirokazu_Sawamura.jpg
Hunter,Gaddis.jpg,../Photos/Hunter_Gaddis.jpg
Travis,Swaggerty.jpg,../Photos/Travis_Swaggerty.jpg
Randal,Grichuk.jpg,../Photos/Randal_Grichuk.jpg
Brett,Phillips.jpg,../Photos/Brett_Phillips.jpg
Evan,Longoria.jpg,../Photos/Evan_Longoria.jpg
Giancarlo,Stanton.jpg,../Photos/Giancarlo_Stanton.jpg
Daniel,Norris.jpg,../Photos/Daniel_Norris.jpg
William,Contreras.jpg,../Photos/William_Contreras.jpg
Tommy,La Stella.jpg,../Photos/Tommy_La Stella.jpg
Mitch,Keller.jpg,../Photos/Mitch_Keller.jpg
Cole,Sands.jpg,../Photos/Cole_Sands.jpg
Travis,Demeritte.jpg,../Photos/Travis_Demeritte.jpg
Willson,Contreras.jpg,../Photos/Willson_Contreras.jpg
Eric,Haase.jpg,../Photos/Eric_Haase.jpg
Tyler,Nevin.jpg,../Photos/Tyler_Nevin.jpg
John,King.jpg,../Photos/John_King.jpg
Raynel,Espinal.jpg,../Photos/Raynel_Espinal.jpg
Adam,Frazier.jpg,../Photos/Adam_Frazier.jpg
Aramis,Garcia.jpg,../Photos/Aramis_Garcia.jpg
Mason,Thompson.jpg,../Photos/Mason_Thompson.jpg
Mike,Clevinger.jpg,../Photos/Mike_Clevinger.jpg
Dansby,Swanson.jpg,../Photos/Dansby_Swanson.jpg
Shane,Baz.jpg,../Photos/Shane_Baz.jpg
Jonah,Heim.jpg,../Photos/Jonah_Heim.jpg
Jeff,Brigham.jpg,../Photos/Jeff_Brigham.jpg
Stephen,Piscotty.jpg,../Photos/Stephen_Piscotty.jpg
Heath,Hembree.jpg,../Photos/Heath_Hembree.jpg
Bryce,Montes de Oca.jpg,../Photos/Bryce_Montes de Oca.jpg
Pete,Alonso.jpg,../Photos/Pete_Alonso.jpg
Danny,Young.jpg,../Photos/Danny_Young.jpg
Jermaine,Palacios.jpg,../Photos/Jermaine_Palacios.jpg
Clayton,Kershaw.jpg,../Photos/Clayton_Kershaw.jpg
David,McKay.jpg,../Photos/David_McKay.jpg
Drew,Hutchison.jpg,../Photos/Drew_Hutchison.jpg
Josh,Rogers.jpg,../Photos/Josh_Rogers.jpg
Francisco,Lindor.jpg,../Photos/Francisco_Lindor.jpg
Kohei,Arihara.jpg,../Photos/Kohei_Arihara.jpg
Eduard,Bazardo.jpg,../Photos/Eduard_Bazardo.jpg
Nick,Pratto.jpg,../Photos/Nick_Pratto.jpg
Spencer,Patton.jpg,../Photos/Spencer_Patton.jpg
Dean,Kremer.jpg,../Photos/Dean_Kremer.jpg
Ryan,Thompson.jpg,../Photos/Ryan_Thompson.jpg
Xzavion,Curry.jpg,../Photos/Xzavion_Curry.jpg
Aristides,Aquino.jpg,../Photos/Aristides_Aquino.jpg
Reid,Detmers.jpg,../Photos/Reid_Detmers.jpg
Yimi,Garcia.jpg,../Photos/Yimi_Garcia.jpg
Sam,Coonrod.jpg,../Photos/Sam_Coonrod.jpg
Blake,Taylor.jpg,../Photos/Blake_Taylor.jpg
Pedro,Avila.jpg,../Photos/Pedro_Avila.jpg
Austin,Slater.jpg,../Photos/Austin_Slater.jpg
Caleb,Thielbar.jpg,../Photos/Caleb_Thielbar.jpg
Ryan,Tepera.jpg,../Photos/Ryan_Tepera.jpg
Ray,Kerr.jpg,../Photos/Ray_Kerr.jpg
Spencer,Strider.jpg,../Photos/Spencer_Strider.jpg
Luke,Barker.jpg,../Photos/Luke_Barker.jpg
Joey,Wendle.jpg,../Photos/Joey_Wendle.jpg
Gavin,Lux.jpg,../Photos/Gavin_Lux.jpg
Sheldon,Neuse.jpg,../Photos/Sheldon_Neuse.jpg
Trent,Thornton.jpg,../Photos/Trent_Thornton.jpg
Emmanuel,Clase.jpg,../Photos/Emmanuel_Clase.jpg
Justin,Verlander.jpg,../Photos/Justin_Verlander.jpg
Elehuris,Montero.jpg,../Photos/Elehuris_Montero.jpg
Yainer,Diaz.jpg,../Photos/Yainer_Diaz.jpg
Michael,A. Taylor.jpg,../Photos/Michael_A. Taylor.jpg
Tyson,Miller.jpg,../Photos/Tyson_Miller.jpg
Bobby,Witt Jr..jpg,../Photos/Bobby_Witt Jr..jpg
Brent,Suter.jpg,../Photos/Brent_Suter.jpg
Bryan,Lavastida.jpg,../Photos/Bryan_Lavastida.jpg
Luis,Cessa.jpg,../Photos/Luis_Cessa.jpg
Eli,Morgan.jpg,../Photos/Eli_Morgan.jpg
Ron,Marinaccio.jpg,../Photos/Ron_Marinaccio.jpg
Gabriel,Moreno.jpg,../Photos/Gabriel_Moreno.jpg
Carl,Edwards Jr..jpg,../Photos/Carl_Edwards Jr..jpg
Mike,Mayers.jpg,../Photos/Mike_Mayers.jpg
Michael,Kelly.jpg,../Photos/Michael_Kelly.jpg
Yasmani,Grandal.jpg,../Photos/Yasmani_Grandal.jpg
Edwin,Uceta.jpg,../Photos/Edwin_Uceta.jpg
Juan,Lagares.jpg,../Photos/Juan_Lagares.jpg
Nick,Senzel.jpg,../Photos/Nick_Senzel.jpg
Rafael,Montero.jpg,../Photos/Rafael_Montero.jpg
Christian,Arroyo.jpg,../Photos/Christian_Arroyo.jpg
Charlie,Culberson.jpg,../Photos/Charlie_Culberson.jpg
Chad,Pinder.jpg,../Photos/Chad_Pinder.jpg
Andrew,Wantz.jpg,../Photos/Andrew_Wantz.jpg
Ian,Anderson.jpg,../Photos/Ian_Anderson.jpg
Michael,Kopech.jpg,../Photos/Michael_Kopech.jpg
Luis,Guillorme.jpg,../Photos/Luis_Guillorme.jpg
Nolan,Jones.jpg,../Photos/Nolan_Jones.jpg
Jackson,Tetreault.jpg,../Photos/Jackson_Tetreault.jpg
Christian,Bethancourt.jpg,../Photos/Christian_Bethancourt.jpg
Freddy,Tarnok.jpg,../Photos/Freddy_Tarnok.jpg
Bryan,De La Cruz.jpg,../Photos/Bryan_De La Cruz.jpg
Patrick,Mazeika.jpg,../Photos/Patrick_Mazeika.jpg
Alex,Claudio.jpg,../Photos/Alex_Claudio.jpg
Alec,Burleson.jpg,../Photos/Alec_Burleson.jpg
Aaron,Sanchez.jpg,../Photos/Aaron_Sanchez.jpg
Cody,Bellinger.jpg,../Photos/Cody_Bellinger.jpg
Luke,Raley.jpg,../Photos/Luke_Raley.jpg
Bryan,Hoeing.jpg,../Photos/Bryan_Hoeing.jpg
Jason,Alexander.jpg,../Photos/Jason_Alexander.jpg
Daniel,Bard.jpg,../Photos/Daniel_Bard.jpg
Matt,Swarmer.jpg,../Photos/Matt_Swarmer.jpg
Meibrys,Viloria.jpg,../Photos/Meibrys_Viloria.jpg
A.J.,Alexy.jpg,../Photos/A.J._Alexy.jpg
Korey,Lee.jpg,../Photos/Korey_Lee.jpg
Ender,Inciarte.jpg,../Photos/Ender_Inciarte.jpg
Dillon,Peters.jpg,../Photos/Dillon_Peters.jpg
Brian,Serven.jpg,../Photos/Brian_Serven.jpg
Cody,Sedlock.jpg,../Photos/Cody_Sedlock.jpg
Garrett,Stubbs.jpg,../Photos/Garrett_Stubbs.jpg
Josh,Winder.jpg,../Photos/Josh_Winder.jpg
Tyler,Stephenson.jpg,../Photos/Tyler_Stephenson.jpg
Juan,Yepez.jpg,../Photos/Juan_Yepez.jpg
Denyi,Reyes.jpg,../Photos/Denyi_Reyes.jpg
Jared,Solomon.jpg,../Photos/Jared_Solomon.jpg
Brendon,Little.jpg,../Photos/Brendon_Little.jpg
Craig,Stammen.jpg,../Photos/Craig_Stammen.jpg
J.J.,Matijevic.jpg,../Photos/J.J._Matijevic.jpg
Jose,Trevino.jpg,../Photos/Jose_Trevino.jpg
Albert,Pujols.jpg,../Photos/Albert_Pujols.jpg
Gleyber,Torres.jpg,../Photos/Gleyber_Torres.jpg
Vinnie,Pasquantino.jpg,../Photos/Vinnie_Pasquantino.jpg
Dallas,Keuchel.jpg,../Photos/Dallas_Keuchel.jpg
Jake,Cronenworth.jpg,../Photos/Jake_Cronenworth.jpg
Yonny,Chirinos.jpg,../Photos/Yonny_Chirinos.jpg
Jalen,Beeks.jpg,../Photos/Jalen_Beeks.jpg
Chase,Anderson.jpg,../Photos/Chase_Anderson.jpg
Justin,Upton.jpg,../Photos/Justin_Upton.jpg
Mark,Vientos.jpg,../Photos/Mark_Vientos.jpg
Darren,O'Day.jpg,../Photos/Darren_O'Day.jpg
Carlos,Correa.jpg,../Photos/Carlos_Correa.jpg
Andrew,Nardi.jpg,../Photos/Andrew_Nardi.jpg
Canaan,Smith-Njigba.jpg,../Photos/Canaan_Smith-Njigba.jpg
Derek,Law.jpg,../Photos/Derek_Law.jpg
Phillips,Valdez.jpg,../Photos/Phillips_Valdez.jpg
Zach,Plesac.jpg,../Photos/Zach_Plesac.jpg
Matt,Wisler.jpg,../Photos/Matt_Wisler.jpg
Kyle,Dowdy.jpg,../Photos/Kyle_Dowdy.jpg
Nate,Eaton.jpg,../Photos/Nate_Eaton.jpg
Yadier,Molina.jpg,../Photos/Yadier_Molina.jpg
Tyrone,Taylor.jpg,../Photos/Tyrone_Taylor.jpg
Humberto,Castellanos.jpg,../Photos/Humberto_Castellanos.jpg
Nolan,Gorman.jpg,../Photos/Nolan_Gorman.jpg
Marcus,Wilson.jpg,../Photos/Marcus_Wilson.jpg
Max,Kranick.jpg,../Photos/Max_Kranick.jpg
David,Bednar.jpg,../Photos/David_Bednar.jpg
Trea,Turner.jpg,../Photos/Trea_Turner.jpg
Lucas,Sims.jpg,../Photos/Lucas_Sims.jpg
Austin,Brice.jpg,../Photos/Austin_Brice.jpg
Tanner,Rainey.jpg,../Photos/Tanner_Rainey.jpg
Kody,Clemens.jpg,../Photos/Kody_Clemens.jpg
Garrett,Hill.jpg,../Photos/Garrett_Hill.jpg
Brett,Baty.jpg,../Photos/Brett_Baty.jpg
Jhoan,Duran.jpg,../Photos/Jhoan_Duran.jpg
Chris,Sale.jpg,../Photos/Chris_Sale.jpg
Jon,Gray.jpg,../Photos/Jon_Gray.jpg
Chuckie,Robinson.jpg,../Photos/Chuckie_Robinson.jpg
Braxton,Garrett.jpg,../Photos/Braxton_Garrett.jpg
Domingo,Tapia.jpg,../Photos/Domingo_Tapia.jpg
Sandy,Leon.jpg,../Photos/Sandy_Leon.jpg
DJ,Stewart.jpg,../Photos/DJ_Stewart.jpg
Freddy,Peralta.jpg,../Photos/Freddy_Peralta.jpg
Matt,Wallner.jpg,../Photos/Matt_Wallner.jpg
Hunter,Brown.jpg,../Photos/Hunter_Brown.jpg
Zach,Eflin.jpg,../Photos/Zach_Eflin.jpg
Alex,Verdugo.jpg,../Photos/Alex_Verdugo.jpg
Cristofer,Ogando.jpg,../Photos/Cristofer_Ogando.jpg
Nick,Mears.jpg,../Photos/Nick_Mears.jpg
Seth,Martinez.jpg,../Photos/Seth_Martinez.jpg
Anthony,Rizzo.jpg,../Photos/Anthony_Rizzo.jpg
Roansy,Contreras.jpg,../Photos/Roansy_Contreras.jpg
Max,Meyer.jpg,../Photos/Max_Meyer.jpg
Bradley,Zimmer.jpg,../Photos/Bradley_Zimmer.jpg
Jovani,Moran.jpg,../Photos/Jovani_Moran.jpg
Dalton,Guthrie.jpg,../Photos/Dalton_Guthrie.jpg
Tony,Santillan.jpg,../Photos/Tony_Santillan.jpg
Collin,Snider.jpg,../Photos/Collin_Snider.jpg
Caleb,Smith.jpg,../Photos/Caleb_Smith.jpg
Joe,Ryan.jpg,../Photos/Joe_Ryan.jpg
Kendall,Graveman.jpg,../Photos/Kendall_Graveman.jpg
David,Hensley.jpg,../Photos/David_Hensley.jpg
Daniel,Duarte.jpg,../Photos/Daniel_Duarte.jpg
Kyle,Bradish.jpg,../Photos/Kyle_Bradish.jpg
Madison,Bumgarner.jpg,../Photos/Madison_Bumgarner.jpg
Luis,Arraez.jpg,../Photos/Luis_Arraez.jpg
Pablo,Reyes.jpg,../Photos/Pablo_Reyes.jpg
Robbie,Grossman.jpg,../Photos/Robbie_Grossman.jpg
Nathaniel,Lowe.jpg,../Photos/Nathaniel_Lowe.jpg
Adam,Ottavino.jpg,../Photos/Adam_Ottavino.jpg
Triston,Casas.jpg,../Photos/Triston_Casas.jpg
Trevor,Story.jpg,../Photos/Trevor_Story.jpg
Tony,Wolters.jpg,../Photos/Tony_Wolters.jpg
Aneurys,Zabala.jpg,../Photos/Aneurys_Zabala.jpg
Mike,Minor.jpg,../Photos/Mike_Minor.jpg
Sam,Haggerty.jpg,../Photos/Sam_Haggerty.jpg
Adrian,Houser.jpg,../Photos/Adrian_Houser.jpg
Robert,Gsellman.jpg,../Photos/Robert_Gsellman.jpg
Anthony,Rendon.jpg,../Photos/Anthony_Rendon.jpg
Mike,Ford.jpg,../Photos/Mike_Ford.jpg
Michael,Brantley.jpg,../Photos/Michael_Brantley.jpg
Joe,Smith.jpg,../Photos/Joe_Smith.jpg
Tim,Hill.jpg,../Photos/Tim_Hill.jpg
Chas,McCormick.jpg,../Photos/Chas_McCormick.jpg
Kramer,Robertson.jpg,../Photos/Kramer_Robertson.jpg
Connor,Overton.jpg,../Photos/Connor_Overton.jpg
Zach,Logue.jpg,../Photos/Zach_Logue.jpg
Manny,Machado.jpg,../Photos/Manny_Machado.jpg
Yerry,De Los Santos.jpg,../Photos/Yerry_De Los Santos.jpg
Andres,Machado.jpg,../Photos/Andres_Machado.jpg
Dylan,Lee.jpg,../Photos/Dylan_Lee.jpg
Jake,Lamb.jpg,../Photos/Jake_Lamb.jpg
Luis,Rengifo.jpg,../Photos/Luis_Rengifo.jpg
John,Schreiber.jpg,../Photos/John_Schreiber.jpg
Gregory,Santos.jpg,../Photos/Gregory_Santos.jpg
Yordan,Alvarez.jpg,../Photos/Yordan_Alvarez.jpg
Ryan,Pressly.jpg,../Photos/Ryan_Pressly.jpg
Alex,Bregman.jpg,../Photos/Alex_Bregman.jpg
Ian,Happ.jpg,../Photos/Ian_Happ.jpg
Craig,Kimbrel.jpg,../Photos/Craig_Kimbrel.jpg
Tanner,Scott.jpg,../Photos/Tanner_Scott.jpg
Max,Muncy.jpg,../Photos/Max_Muncy.jpg
Franklin,German.jpg,../Photos/Franklin_German.jpg
Gavin,Sheets.jpg,../Photos/Gavin_Sheets.jpg
Anthony,Bemboom.jpg,../Photos/Anthony_Bemboom.jpg
Trevor,Gott.jpg,../Photos/Trevor_Gott.jpg
Pavin,Smith.jpg,../Photos/Pavin_Smith.jpg
Lucas,Luetge.jpg,../Photos/Lucas_Luetge.jpg
Kyle,Finnegan.jpg,../Photos/Kyle_Finnegan.jpg
Josh,Harrison.jpg,../Photos/Josh_Harrison.jpg
Brandon,Bielak.jpg,../Photos/Brandon_Bielak.jpg
Oswaldo,Cabrera.jpg,../Photos/Oswaldo_Cabrera.jpg
Nico,Hoerner.jpg,../Photos/Nico_Hoerner.jpg
Austin,Davis.jpg,../Photos/Austin_Davis.jpg
Nick,Pivetta.jpg,../Photos/Nick_Pivetta.jpg
Hayden,Wesneski.jpg,../Photos/Hayden_Wesneski.jpg
Michael,Plassmeyer.jpg,../Photos/Michael_Plassmeyer.jpg
Aaron,Ashby.jpg,../Photos/Aaron_Ashby.jpg
Trevor,Megill.jpg,../Photos/Trevor_Megill.jpg
Nick,Sandlin.jpg,../Photos/Nick_Sandlin.jpg
Vince,Velasquez.jpg,../Photos/Vince_Velasquez.jpg
Jordan,Weems.jpg,../Photos/Jordan_Weems.jpg
Kyle,Higashioka.jpg,../Photos/Kyle_Higashioka.jpg
Marco,Gonzales.jpg,../Photos/Marco_Gonzales.jpg
Joey,Gallo.jpg,../Photos/Joey_Gallo.jpg
Eddie,Rosario.jpg,../Photos/Eddie_Rosario.jpg
Garrett,Whitlock.jpg,../Photos/Garrett_Whitlock.jpg
Tyler,Danish.jpg,../Photos/Tyler_Danish.jpg
Terrance,Gore.jpg,../Photos/Terrance_Gore.jpg
John,Means.jpg,../Photos/John_Means.jpg
Kaleb,Ort.jpg,../Photos/Kaleb_Ort.jpg
Garrett,Cleavinger.jpg,../Photos/Garrett_Cleavinger.jpg
Rafael,Ortega.jpg,../Photos/Rafael_Ortega.jpg
Michel,Baez.jpg,../Photos/Michel_Baez.jpg
Josh,Winckowski.jpg,../Photos/Josh_Winckowski.jpg
MacKenzie,Gore.jpg,../Photos/MacKenzie_Gore.jpg
Mychal,Givens.jpg,../Photos/Mychal_Givens.jpg
MJ,Melendez.jpg,../Photos/MJ_Melendez.jpg
Ryan,Helsley.jpg,../Photos/Ryan_Helsley.jpg
Tommy,Hunter.jpg,../Photos/Tommy_Hunter.jpg
Ryan,Borucki.jpg,../Photos/Ryan_Borucki.jpg
Johan,Oviedo.jpg,../Photos/Johan_Oviedo.jpg
James,Karinchak.jpg,../Photos/James_Karinchak.jpg
Payton,Henry.jpg,../Photos/Payton_Henry.jpg
Taylor,Trammell.jpg,../Photos/Taylor_Trammell.jpg
Corey,Dickerson.jpg,../Photos/Corey_Dickerson.jpg
Jared,Walsh.jpg,../Photos/Jared_Walsh.jpg
Logan,Gillaspie.jpg,../Photos/Logan_Gillaspie.jpg
Ryan,Weber.jpg,../Photos/Ryan_Weber.jpg
JJ,Bleday.jpg,../Photos/JJ_Bleday.jpg
Ronel,Blanco.jpg,../Photos/Ronel_Blanco.jpg
Lucas,Giolito.jpg,../Photos/Lucas_Giolito.jpg
Ezequiel,Duran.jpg,../Photos/Ezequiel_Duran.jpg
Drew,VerHagen.jpg,../Photos/Drew_VerHagen.jpg
Adalberto,Mondesi.jpg,../Photos/Adalberto_Mondesi.jpg
Seth,Brown.jpg,../Photos/Seth_Brown.jpg
Rowdy,Tellez.jpg,../Photos/Rowdy_Tellez.jpg
Wily,Peralta.jpg,../Photos/Wily_Peralta.jpg
J.P.,Crawford.jpg,../Photos/J.P._Crawford.jpg
Colin,Holderman.jpg,../Photos/Colin_Holderman.jpg
Jarren,Duran.jpg,../Photos/Jarren_Duran.jpg
Giovanny,Gallegos.jpg,../Photos/Giovanny_Gallegos.jpg
Bowden,Francis.jpg,../Photos/Bowden_Francis.jpg
Albert,Abreu.jpg,../Photos/Albert_Abreu.jpg
Jose,Butto.jpg,../Photos/Jose_Butto.jpg
Drew,Jackson.jpg,../Photos/Drew_Jackson.jpg
Sam,Clay.jpg,../Photos/Sam_Clay.jpg
Riley,Adams.jpg,../Photos/Riley_Adams.jpg
Michael,Harris II.jpg,../Photos/Michael_Harris II.jpg
Stephen,Vogt.jpg,../Photos/Stephen_Vogt.jpg
Nick,Neidert.jpg,../Photos/Nick_Neidert.jpg
Brad,Keller.jpg,../Photos/Brad_Keller.jpg
David,Fletcher.jpg,../Photos/David_Fletcher.jpg
Jorge,Alcala.jpg,../Photos/Jorge_Alcala.jpg
Scott,Alexander.jpg,../Photos/Scott_Alexander.jpg
Matt,Reynolds.jpg,../Photos/Matt_Reynolds.jpg
Keibert,Ruiz.jpg,../Photos/Keibert_Ruiz.jpg
Harrison,Bader.jpg,../Photos/Harrison_Bader.jpg
Rougned,Odor.jpg,../Photos/Rougned_Odor.jpg
Matt,Festa.jpg,../Photos/Matt_Festa.jpg
Touki,Toussaint.jpg,../Photos/Touki_Toussaint.jpg
Luis,Torrens.jpg,../Photos/Luis_Torrens.jpg
Greg,Allen.jpg,../Photos/Greg_Allen.jpg
Reiver,Sanmartin.jpg,../Photos/Reiver_Sanmartin.jpg
Zach,Davies.jpg,../Photos/Zach_Davies.jpg
DJ,LeMahieu.jpg,../Photos/DJ_LeMahieu.jpg
Didi,Gregorius.jpg,../Photos/Didi_Gregorius.jpg
David,Peralta.jpg,../Photos/David_Peralta.jpg
Seiya,Suzuki.jpg,../Photos/Seiya_Suzuki.jpg
Kyle,Tucker.jpg,../Photos/Kyle_Tucker.jpg
David,Bote.jpg,../Photos/David_Bote.jpg
Luke,Williams.jpg,../Photos/Luke_Williams.jpg
Tyler,Duffey.jpg,../Photos/Tyler_Duffey.jpg
Dinelson,Lamet.jpg,../Photos/Dinelson_Lamet.jpg
Willi,Castro.jpg,../Photos/Willi_Castro.jpg
Eguy,Rosario.jpg,../Photos/Eguy_Rosario.jpg
Spencer,Howard.jpg,../Photos/Spencer_Howard.jpg
Cam,Gallagher.jpg,../Photos/Cam_Gallagher.jpg
Jared,Koenig.jpg,../Photos/Jared_Koenig.jpg
Edward,Cabrera.jpg,../Photos/Edward_Cabrera.jpg
Bennett,Sousa.jpg,../Photos/Bennett_Sousa.jpg
Dylan,Moore.jpg,../Photos/Dylan_Moore.jpg
Huascar,Ynoa.jpg,../Photos/Huascar_Ynoa.jpg
Matt,Peacock.jpg,../Photos/Matt_Peacock.jpg
Jean,Segura.jpg,../Photos/Jean_Segura.jpg
Graham,Ashcraft.jpg,../Photos/Graham_Ashcraft.jpg
Dairon,Blanco.jpg,../Photos/Dairon_Blanco.jpg
Justin,Topa.jpg,../Photos/Justin_Topa.jpg
Jandel,Gustave.jpg,../Photos/Jandel_Gustave.jpg
Andrelton,Simmons.jpg,../Photos/Andrelton_Simmons.jpg
Cole,Irvin.jpg,../Photos/Cole_Irvin.jpg
Jordan,Hicks.jpg,../Photos/Jordan_Hicks.jpg
Tommy,Romero.jpg,../Photos/Tommy_Romero.jpg
Travis,Jankowski.jpg,../Photos/Travis_Jankowski.jpg
Jaylin,Davis.jpg,../Photos/Jaylin_Davis.jpg
Tyler,Wells.jpg,../Photos/Tyler_Wells.jpg
Max,Stassi.jpg,../Photos/Max_Stassi.jpg
Zac,Lowther.jpg,../Photos/Zac_Lowther.jpg
Darick,Hall.jpg,../Photos/Darick_Hall.jpg
Hector,Neris.jpg,../Photos/Hector_Neris.jpg
Kyle,Hendricks.jpg,../Photos/Kyle_Hendricks.jpg
Cole,Tucker.jpg,../Photos/Cole_Tucker.jpg
Alex,Young.jpg,../Photos/Alex_Young.jpg
Mark,Leiter Jr..jpg,../Photos/Mark_Leiter Jr..jpg
Andrew,Knizner.jpg,../Photos/Andrew_Knizner.jpg
Chris,Bassitt.jpg,../Photos/Chris_Bassitt.jpg
Kirby,Yates.jpg,../Photos/Kirby_Yates.jpg
Kurt,Suzuki.jpg,../Photos/Kurt_Suzuki.jpg
Cal,Raleigh.jpg,../Photos/Cal_Raleigh.jpg
Bryan,Shaw.jpg,../Photos/Bryan_Shaw.jpg
Trevor,Rogers.jpg,../Photos/Trevor_Rogers.jpg
Yohan,Ramirez.jpg,../Photos/Yohan_Ramirez.jpg
Kenley,Jansen.jpg,../Photos/Kenley_Jansen.jpg
Dylan,Floro.jpg,../Photos/Dylan_Floro.jpg
Rob,Zastryzny.jpg,../Photos/Rob_Zastryzny.jpg
Vinny,Capra.jpg,../Photos/Vinny_Capra.jpg
Brad,Boxberger.jpg,../Photos/Brad_Boxberger.jpg
Stuart,Fairchild.jpg,../Photos/Stuart_Fairchild.jpg
Andre,Pallante.jpg,../Photos/Andre_Pallante.jpg
Chris,Martin.jpg,../Photos/Chris_Martin.jpg
Nelson,Cruz.jpg,../Photos/Nelson_Cruz.jpg
Pierce,Johnson.jpg,../Photos/Pierce_Johnson.jpg
Jake,Walsh.jpg,../Photos/Jake_Walsh.jpg
James,Outman.jpg,../Photos/James_Outman.jpg
Franchy,Cordero.jpg,../Photos/Franchy_Cordero.jpg
Noah,Syndergaard.jpg,../Photos/Noah_Syndergaard.jpg
Nick,Vespi.jpg,../Photos/Nick_Vespi.jpg
Tucker,Barnhart.jpg,../Photos/Tucker_Barnhart.jpg
Sean,Doolittle.jpg,../Photos/Sean_Doolittle.jpg
Kevin,Ginkel.jpg,../Photos/Kevin_Ginkel.jpg
Jonathan,Heasley.jpg,../Photos/Jonathan_Heasley.jpg
Jake,McGee.jpg,../Photos/Jake_McGee.jpg
Luis,Severino.jpg,../Photos/Luis_Severino.jpg
Cam,Vieaux.jpg,../Photos/Cam_Vieaux.jpg
Jackson,Stephens.jpg,../Photos/Jackson_Stephens.jpg
Taylor,Jones.jpg,../Photos/Taylor_Jones.jpg
Cal,Stevenson.jpg,../Photos/Cal_Stevenson.jpg
Austin,Hedges.jpg,../Photos/Austin_Hedges.jpg
Jed,Lowrie.jpg,../Photos/Jed_Lowrie.jpg
Rich,Hill.jpg,../Photos/Rich_Hill.jpg
Matt,Moore.jpg,../Photos/Matt_Moore.jpg
Kevin,Gausman.jpg,../Photos/Kevin_Gausman.jpg
Brendan,Rodgers.jpg,../Photos/Brendan_Rodgers.jpg
Robert,Dugger.jpg,../Photos/Robert_Dugger.jpg
Nick,Wittgren.jpg,../Photos/Nick_Wittgren.jpg
Josh,Sborz.jpg,../Photos/Josh_Sborz.jpg
Ethan,Small.jpg,../Photos/Ethan_Small.jpg
Anthony,Gose.jpg,../Photos/Anthony_Gose.jpg
Jorge,Polanco.jpg,../Photos/Jorge_Polanco.jpg
Tommy,Kahnle.jpg,../Photos/Tommy_Kahnle.jpg
Lars,Nootbaar.jpg,../Photos/Lars_Nootbaar.jpg
Ryan,Mountcastle.jpg,../Photos/Ryan_Mountcastle.jpg
Trayce,Thompson.jpg,../Photos/Trayce_Thompson.jpg
Justin,Bruihl.jpg,../Photos/Justin_Bruihl.jpg
Eli,White.jpg,../Photos/Eli_White.jpg
David,Robertson.jpg,../Photos/David_Robertson.jpg
Josh,Staumont.jpg,../Photos/Josh_Staumont.jpg
Dylan,Cease.jpg,../Photos/Dylan_Cease.jpg
Brent,Rooker.jpg,../Photos/Brent_Rooker.jpg
Seby,Zavala.jpg,../Photos/Seby_Zavala.jpg
Tyler,Beede.jpg,../Photos/Tyler_Beede.jpg
Mike,Baumann.jpg,../Photos/Mike_Baumann.jpg
Robinson,Chirinos.jpg,../Photos/Robinson_Chirinos.jpg
Jimmy,Herget.jpg,../Photos/Jimmy_Herget.jpg
Kyle,Gibson.jpg,../Photos/Kyle_Gibson.jpg
Chris,Owings.jpg,../Photos/Chris_Owings.jpg
Vladimir,Guerrero Jr..jpg,../Photos/Vladimir_Guerrero Jr..jpg
Alejandro,Kirk.jpg,../Photos/Alejandro_Kirk.jpg
Hansel,Robles.jpg,../Photos/Hansel_Robles.jpg
Jakob,Junis.jpg,../Photos/Jakob_Junis.jpg
Jordan,Holloway.jpg,../Photos/Jordan_Holloway.jpg
Jason,Delay.jpg,../Photos/Jason_Delay.jpg
Jake,Woodford.jpg,../Photos/Jake_Woodford.jpg
Alejo,Lopez.jpg,../Photos/Alejo_Lopez.jpg
Tayler,Saucedo.jpg,../Photos/Tayler_Saucedo.jpg
Alex,Cobb.jpg,../Photos/Alex_Cobb.jpg
Paul,DeJong.jpg,../Photos/Paul_DeJong.jpg
Jeff,McNeil.jpg,../Photos/Jeff_McNeil.jpg
John,Brebbia.jpg,../Photos/John_Brebbia.jpg
Alex,Wells.jpg,../Photos/Alex_Wells.jpg
Brian,Moran.jpg,../Photos/Brian_Moran.jpg
Logan,Gilbert.jpg,../Photos/Logan_Gilbert.jpg
Lance,McCullers Jr..jpg,../Photos/Lance_McCullers Jr..jpg
Stone,Garrett.jpg,../Photos/Stone_Garrett.jpg
Aaron,Brooks.jpg,../Photos/Aaron_Brooks.jpg
Jose,Altuve.jpg,../Photos/Jose_Altuve.jpg
Drew,Ellis.jpg,../Photos/Drew_Ellis.jpg
Kerry,Carpenter.jpg,../Photos/Kerry_Carpenter.jpg
Anthony,Bass.jpg,../Photos/Anthony_Bass.jpg
Israel,Pineda.jpg,../Photos/Israel_Pineda.jpg
Shane,McClanahan.jpg,../Photos/Shane_McClanahan.jpg
Donovan,Solano.jpg,../Photos/Donovan_Solano.jpg
Alex,Wood.jpg,../Photos/Alex_Wood.jpg
Frankie,Montas.jpg,../Photos/Frankie_Montas.jpg
Jameson,Taillon.jpg,../Photos/Jameson_Taillon.jpg
Ha-Seong,Kim.jpg,../Photos/Ha-Seong_Kim.jpg
Jeremy,Beasley.jpg,../Photos/Jeremy_Beasley.jpg
Austin,Nola.jpg,../Photos/Austin_Nola.jpg
Derek,Hill.jpg,../Photos/Derek_Hill.jpg
Ryne,Nelson.jpg,../Photos/Ryne_Nelson.jpg
Josh,VanMeter.jpg,../Photos/Josh_VanMeter.jpg
Colin,Moran.jpg,../Photos/Colin_Moran.jpg
Tanner,Tully.jpg,../Photos/Tanner_Tully.jpg
Adam,Cimber.jpg,../Photos/Adam_Cimber.jpg
Buck,Farmer.jpg,../Photos/Buck_Farmer.jpg
Tyler,Clippard.jpg,../Photos/Tyler_Clippard.jpg
Dillon,Tate.jpg,../Photos/Dillon_Tate.jpg
Ezequiel,Tovar.jpg,../Photos/Ezequiel_Tovar.jpg
CJ,Abrams.jpg,../Photos/CJ_Abrams.jpg
Austin,Gomber.jpg,../Photos/Austin_Gomber.jpg
Spencer,Steer.jpg,../Photos/Spencer_Steer.jpg
Jose,Barrero.jpg,../Photos/Jose_Barrero.jpg
Ross,Detwiler.jpg,../Photos/Ross_Detwiler.jpg
Nestor,Cortes.jpg,../Photos/Nestor_Cortes.jpg
Michael,Fulmer.jpg,../Photos/Michael_Fulmer.jpg
Nick,Solak.jpg,../Photos/Nick_Solak.jpg
J.B.,Wendelken.jpg,../Photos/J.B._Wendelken.jpg
Corbin,Burnes.jpg,../Photos/Corbin_Burnes.jpg
Luis,Garcia.jpg,../Photos/Luis_Garcia.jpg
Daz,Cameron.jpg,../Photos/Daz_Cameron.jpg
Luis,Gil.jpg,../Photos/Luis_Gil.jpg
Dustin,May.jpg,../Photos/Dustin_May.jpg
Steele,Walker.jpg,../Photos/Steele_Walker.jpg
Mike,Moustakas.jpg,../Photos/Mike_Moustakas.jpg
Hunter,Dozier.jpg,../Photos/Hunter_Dozier.jpg
Patrick,Wisdom.jpg,../Photos/Patrick_Wisdom.jpg
LaMonte,Wade Jr..jpg,../Photos/LaMonte_Wade Jr..jpg
Terrin,Vavra.jpg,../Photos/Terrin_Vavra.jpg
Shane,Bieber.jpg,../Photos/Shane_Bieber.jpg
Josiah,Gray.jpg,../Photos/Josiah_Gray.jpg
Jesse,Winker.jpg,../Photos/Jesse_Winker.jpg
Jordan,Groshans.jpg,../Photos/Jordan_Groshans.jpg
Brandon,Woodruff.jpg,../Photos/Brandon_Woodruff.jpg
Alfonso,Rivas.jpg,../Photos/Alfonso_Rivas.jpg
David,Price.jpg,../Photos/David_Price.jpg
Brusdar,Graterol.jpg,../Photos/Brusdar_Graterol.jpg
Justin,Wilson.jpg,../Photos/Justin_Wilson.jpg
Josh,Bell.jpg,../Photos/Josh_Bell.jpg
JT,Chargois.jpg,../Photos/JT_Chargois.jpg
Rhys,Hoskins.jpg,../Photos/Rhys_Hoskins.jpg
Patrick,Corbin.jpg,../Photos/Patrick_Corbin.jpg
Rico,Garcia.jpg,../Photos/Rico_Garcia.jpg
Michael,Wacha.jpg,../Photos/Michael_Wacha.jpg
Amed,Rosario.jpg,../Photos/Amed_Rosario.jpg
Kevin,Padlo.jpg,../Photos/Kevin_Padlo.jpg
A.J.,Minter.jpg,../Photos/A.J._Minter.jpg
Brandon,Belt.jpg,../Photos/Brandon_Belt.jpg
Jeff,Hoffman.jpg,../Photos/Jeff_Hoffman.jpg
Royce,Lewis.jpg,../Photos/Royce_Lewis.jpg
Santiago,Espinal.jpg,../Photos/Santiago_Espinal.jpg
Garrett,Cooper.jpg,../Photos/Garrett_Cooper.jpg
Bruce,Zimmermann.jpg,../Photos/Bruce_Zimmermann.jpg
Steven,Brault.jpg,../Photos/Steven_Brault.jpg
Elvin,Rodriguez.jpg,../Photos/Elvin_Rodriguez.jpg
Keegan,Thompson.jpg,../Photos/Keegan_Thompson.jpg
Juan,Minaya.jpg,../Photos/Juan_Minaya.jpg
Zack,Britton.jpg,../Photos/Zack_Britton.jpg
Jake,Brentz.jpg,../Photos/Jake_Brentz.jpg
Gerrit,Cole.jpg,../Photos/Gerrit_Cole.jpg
Luke,Farrell.jpg,../Photos/Luke_Farrell.jpg
Foster,Griffin.jpg,../Photos/Foster_Griffin.jpg
Tayler,Scott.jpg,../Photos/Tayler_Scott.jpg
Jake,McCarthy.jpg,../Photos/Jake_McCarthy.jpg
Conner,Capel.jpg,../Photos/Conner_Capel.jpg
Jake,Cousins.jpg,../Photos/Jake_Cousins.jpg
Abraham,Almonte.jpg,../Photos/Abraham_Almonte.jpg
Taylor,Ward.jpg,../Photos/Taylor_Ward.jpg
Corey,Kluber.jpg,../Photos/Corey_Kluber.jpg
Marwin,Gonzalez.jpg,../Photos/Marwin_Gonzalez.jpg
Kyle,Freeland.jpg,../Photos/Kyle_Freeland.jpg
Charles,Leblanc.jpg,../Photos/Charles_Leblanc.jpg
Michael,Pineda.jpg,../Photos/Michael_Pineda.jpg
Ke'Bryan,Hayes.jpg,../Photos/Ke'Bryan_Hayes.jpg
Yusniel,Diaz.jpg,../Photos/Yusniel_Diaz.jpg
Drey,Jameson.jpg,../Photos/Drey_Jameson.jpg
Corbin,Carroll.jpg,../Photos/Corbin_Carroll.jpg
Michael,Hermosillo.jpg,../Photos/Michael_Hermosillo.jpg
Shaun,Anderson.jpg,../Photos/Shaun_Anderson.jpg
Tyler,Gilbert.jpg,../Photos/Tyler_Gilbert.jpg
Drew,Rasmussen.jpg,../Photos/Drew_Rasmussen.jpg
Tyler,Kinley.jpg,../Photos/Tyler_Kinley.jpg
Nick,Madrigal.jpg,../Photos/Nick_Madrigal.jpg
Jesus,Cruz.jpg,../Photos/Jesus_Cruz.jpg
Diego,Castillo.jpg,../Photos/Diego_Castillo.jpg
A.J.,Puk.jpg,../Photos/A.J._Puk.jpg
Wyatt,Mills.jpg,../Photos/Wyatt_Mills.jpg
Edward,Olivares.jpg,../Photos/Edward_Olivares.jpg
Tim,Beckham.jpg,../Photos/Tim_Beckham.jpg
Heliot,Ramos.jpg,../Photos/Heliot_Ramos.jpg
Ross,Stripling.jpg,../Photos/Ross_Stripling.jpg
Daulton,Jefferies.jpg,../Photos/Daulton_Jefferies.jpg
Jackie,Bradley Jr..jpg,../Photos/Jackie_Bradley Jr..jpg
Garrett,Hampson.jpg,../Photos/Garrett_Hampson.jpg
Ty,Blach.jpg,../Photos/Ty_Blach.jpg
Kyle,Nelson.jpg,../Photos/Kyle_Nelson.jpg
Michael,Chavis.jpg,../Photos/Michael_Chavis.jpg
Miguel,Rojas.jpg,../Photos/Miguel_Rojas.jpg
Huascar,Brazoban.jpg,../Photos/Huascar_Brazoban.jpg
Greg,Holland.jpg,../Photos/Greg_Holland.jpg
Steven,Kwan.jpg,../Photos/Steven_Kwan.jpg
Brooks,Raley.jpg,../Photos/Brooks_Raley.jpg
Nick,Ahmed.jpg,../Photos/Nick_Ahmed.jpg
Travis,d'Arnaud.jpg,../Photos/Travis_d'Arnaud.jpg
Scott,Kingery.jpg,../Photos/Scott_Kingery.jpg
Hunter,Harvey.jpg,../Photos/Hunter_Harvey.jpg
Zack,Kelly.jpg,../Photos/Zack_Kelly.jpg
Miguel,Cabrera.jpg,../Photos/Miguel_Cabrera.jpg
Matt,Brash.jpg,../Photos/Matt_Brash.jpg
Enoli,Paredes.jpg,../Photos/Enoli_Paredes.jpg
Paolo,Espino.jpg,../Photos/Paolo_Espino.jpg
Alek,Thomas.jpg,../Photos/Alek_Thomas.jpg
Sean,Reid-Foley.jpg,../Photos/Sean_Reid-Foley.jpg
Tom,Murphy.jpg,../Photos/Tom_Murphy.jpg
Anthony,Santander.jpg,../Photos/Anthony_Santander.jpg
Nick,Plummer.jpg,../Photos/Nick_Plummer.jpg
Richie,Martin.jpg,../Photos/Richie_Martin.jpg
Antonio,Senzatela.jpg,../Photos/Antonio_Senzatela.jpg
Isiah,Kiner-Falefa.jpg,../Photos/Isiah_Kiner-Falefa.jpg
Yunior,Marte.jpg,../Photos/Yunior_Marte.jpg
Adam,Wainwright.jpg,../Photos/Adam_Wainwright.jpg
Chad,Wallach.jpg,../Photos/Chad_Wallach.jpg
Chris,Paddack.jpg,../Photos/Chris_Paddack.jpg
Oliver,Ortega.jpg,../Photos/Oliver_Ortega.jpg
Jordan,Diaz.jpg,../Photos/Jordan_Diaz.jpg
Drew,Waters.jpg,../Photos/Drew_Waters.jpg
Brady,Singer.jpg,../Photos/Brady_Singer.jpg
Alex,Faedo.jpg,../Photos/Alex_Faedo.jpg
JoJo,Romero.jpg,../Photos/JoJo_Romero.jpg
Matt,Bush.jpg,../Photos/Matt_Bush.jpg
Tommy,Nance.jpg,../Photos/Tommy_Nance.jpg
Andre,Jackson.jpg,../Photos/Andre_Jackson.jpg
Max,Fried.jpg,../Photos/Max_Fried.jpg
J.T.,Realmuto.jpg,../Photos/J.T._Realmuto.jpg
Jesus,Tinoco.jpg,../Photos/Jesus_Tinoco.jpg
Danny,Jansen.jpg,../Photos/Danny_Jansen.jpg
Steve,Cishek.jpg,../Photos/Steve_Cishek.jpg
Aaron,Bummer.jpg,../Photos/Aaron_Bummer.jpg
Joan,Adon.jpg,../Photos/Joan_Adon.jpg
Anthony,Kay.jpg,../Photos/Anthony_Kay.jpg
Erik,Swanson.jpg,../Photos/Erik_Swanson.jpg
Joe,Barlow.jpg,../Photos/Joe_Barlow.jpg
Ben,Gamel.jpg,../Photos/Ben_Gamel.jpg
Gunnar,Henderson.jpg,../Photos/Gunnar_Henderson.jpg
Jose,Miranda.jpg,../Photos/Jose_Miranda.jpg
Chadwick,Tromp.jpg,../Photos/Chadwick_Tromp.jpg
Josh,Fleming.jpg,../Photos/Josh_Fleming.jpg
Riley,Greene.jpg,../Photos/Riley_Greene.jpg
Zack,Thompson.jpg,../Photos/Zack_Thompson.jpg
Brandon,Drury.jpg,../Photos/Brandon_Drury.jpg
Matthew,Batten.jpg,../Photos/Matthew_Batten.jpg
Garrett,Richards.jpg,../Photos/Garrett_Richards.jpg
Freddy,Fermin.jpg,../Photos/Freddy_Fermin.jpg
Vinny,Nittoli.jpg,../Photos/Vinny_Nittoli.jpg
Tucker,Davidson.jpg,../Photos/Tucker_Davidson.jpg
Mario,Feliciano.jpg,../Photos/Mario_Feliciano.jpg
Luis,Campusano.jpg,../Photos/Luis_Campusano.jpg
Byron,Buxton.jpg,../Photos/Byron_Buxton.jpg
Javy,Guerra.jpg,../Photos/Javy_Guerra.jpg
Narciso,Crook.jpg,../Photos/Narciso_Crook.jpg
Jacob,Lemoine.jpg,../Photos/Jacob_Lemoine.jpg
Ka'ai,Tom.jpg,../Photos/Ka'ai_Tom.jpg
Steven,Wilson.jpg,../Photos/Steven_Wilson.jpg
Harold,Castro.jpg,../Photos/Harold_Castro.jpg
Will,Vest.jpg,../Photos/Will_Vest.jpg
Hanser,Alberto.jpg,../Photos/Hanser_Alberto.jpg
Abraham,Toro.jpg,../Photos/Abraham_Toro.jpg
Mark,Kolozsvary.jpg,../Photos/Mark_Kolozsvary.jpg
Jason,Castro.jpg,../Photos/Jason_Castro.jpg
Jeffrey,Springs.jpg,../Photos/Jeffrey_Springs.jpg
Daniel,Lynch.jpg,../Photos/Daniel_Lynch.jpg
Sam,Moll.jpg,../Photos/Sam_Moll.jpg
Kevin,Newman.jpg,../Photos/Kevin_Newman.jpg
Will,Benson.jpg,../Photos/Will_Benson.jpg
Tim,Anderson.jpg,../Photos/Tim_Anderson.jpg
Yusei,Kikuchi.jpg,../Photos/Yusei_Kikuchi.jpg
Angel,De Jesus.jpg,../Photos/Angel_De Jesus.jpg
Matt,Chapman.jpg,../Photos/Matt_Chapman.jpg
Lane,Thomas.jpg,../Photos/Lane_Thomas.jpg
Cory,Spangenberg.jpg,../Photos/Cory_Spangenberg.jpg
Nate,Fisher.jpg,../Photos/Nate_Fisher.jpg
Tyler,Freeman.jpg,../Photos/Tyler_Freeman.jpg
Brandon,Lowe.jpg,../Photos/Brandon_Lowe.jpg
Richard,Bleier.jpg,../Photos/Richard_Bleier.jpg
Jake,Cave.jpg,../Photos/Jake_Cave.jpg
Cody,Thomas.jpg,../Photos/Cody_Thomas.jpg
Isaac,Paredes.jpg,../Photos/Isaac_Paredes.jpg
Matt,Koch.jpg,../Photos/Matt_Koch.jpg
Jorge,Soler.jpg,../Photos/Jorge_Soler.jpg
Mitch,Garver.jpg,../Photos/Mitch_Garver.jpg
Phil,Maton.jpg,../Photos/Phil_Maton.jpg
Aroldis,Chapman.jpg,../Photos/Aroldis_Chapman.jpg
Anthony,DeSclafani.jpg,../Photos/Anthony_DeSclafani.jpg
Adrian,Sampson.jpg,../Photos/Adrian_Sampson.jpg
Tres,Barrera.jpg,../Photos/Tres_Barrera.jpg
Dauri,Moreta.jpg,../Photos/Dauri_Moreta.jpg
Beau,Sulser.jpg,../Photos/Beau_Sulser.jpg
Austin,Meadows.jpg,../Photos/Austin_Meadows.jpg
Jo,Adell.jpg,../Photos/Jo_Adell.jpg
Janson,Junk.jpg,../Photos/Janson_Junk.jpg
Paul,Blackburn.jpg,../Photos/Paul_Blackburn.jpg
Garrett,Mitchell.jpg,../Photos/Garrett_Mitchell.jpg
Jack,Suwinski.jpg,../Photos/Jack_Suwinski.jpg
Corbin,Martin.jpg,../Photos/Corbin_Martin.jpg
Brayan,Bello.jpg,../Photos/Brayan_Bello.jpg
Austin,Barnes.jpg,../Photos/Austin_Barnes.jpg
Alec,Mills.jpg,../Photos/Alec_Mills.jpg
Pete,Fairbanks.jpg,../Photos/Pete_Fairbanks.jpg
Riley,O'Brien.jpg,../Photos/Riley_O'Brien.jpg
Stephen,Strasburg.jpg,../Photos/Stephen_Strasburg.jpg
Glenn,Otto.jpg,../Photos/Glenn_Otto.jpg
Evan,Phillips.jpg,../Photos/Evan_Phillips.jpg
George,Springer.jpg,../Photos/George_Springer.jpg
Ryan,Pepiot.jpg,../Photos/Ryan_Pepiot.jpg
Lucius,Fox.jpg,../Photos/Lucius_Fox.jpg
Daulton,Varsho.jpg,../Photos/Daulton_Varsho.jpg
Bryce,Johnson.jpg,../Photos/Bryce_Johnson.jpg
Erick,Fedde.jpg,../Photos/Erick_Fedde.jpg
Cavan,Biggio.jpg,../Photos/Cavan_Biggio.jpg
Nathan,Eovaldi.jpg,../Photos/Nathan_Eovaldi.jpg
Andrew,Kittredge.jpg,../Photos/Andrew_Kittredge.jpg
Phil,Bickford.jpg,../Photos/Phil_Bickford.jpg
Willians,Astudillo.jpg,../Photos/Willians_Astudillo.jpg
Curt,Casali.jpg,../Photos/Curt_Casali.jpg
Keston,Hiura.jpg,../Photos/Keston_Hiura.jpg
Camilo,Doval.jpg,../Photos/Camilo_Doval.jpg
Nicky,Lopez.jpg,../Photos/Nicky_Lopez.jpg
Zack,Littell.jpg,../Photos/Zack_Littell.jpg
Thomas,Hatch.jpg,../Photos/Thomas_Hatch.jpg
Richie,Palacios.jpg,../Photos/Richie_Palacios.jpg
Jason,Heyward.jpg,../Photos/Jason_Heyward.jpg
Chasen,Shreve.jpg,../Photos/Chasen_Shreve.jpg
Jose,Rojas.jpg,../Photos/Jose_Rojas.jpg
Dylan,Coleman.jpg,../Photos/Dylan_Coleman.jpg
Cam,Alldred.jpg,../Photos/Cam_Alldred.jpg
Michael,Siani.jpg,../Photos/Michael_Siani.jpg
Jonathan,Davis.jpg,../Photos/Jonathan_Davis.jpg
Paul,Fry.jpg,../Photos/Paul_Fry.jpg
Taijuan,Walker.jpg,../Photos/Taijuan_Walker.jpg
Luis,Perdomo.jpg,../Photos/Luis_Perdomo.jpg
Scott,Barlow.jpg,../Photos/Scott_Barlow.jpg
Jesse,Chavez.jpg,../Photos/Jesse_Chavez.jpg
Jharel,Cotton.jpg,../Photos/Jharel_Cotton.jpg
Mark,Melancon.jpg,../Photos/Mark_Melancon.jpg
Jordan,Romano.jpg,../Photos/Jordan_Romano.jpg
Carson,Kelly.jpg,../Photos/Carson_Kelly.jpg
Jake,Fraley.jpg,../Photos/Jake_Fraley.jpg
Magneuris,Sierra.jpg,../Photos/Magneuris_Sierra.jpg
Eric,Stout.jpg,../Photos/Eric_Stout.jpg
Mike,Zunino.jpg,../Photos/Mike_Zunino.jpg
Cristian,Javier.jpg,../Photos/Cristian_Javier.jpg
Dane,Dunning.jpg,../Photos/Dane_Dunning.jpg
Sam,Huff.jpg,../Photos/Sam_Huff.jpg
Jacob,Stallings.jpg,../Photos/Jacob_Stallings.jpg
Jace,Peterson.jpg,../Photos/Jace_Peterson.jpg
Wander,Franco.jpg,../Photos/Wander_Franco.jpg
Zack,Wheeler.jpg,../Photos/Zack_Wheeler.jpg
Ryan,Castellani.jpg,../Photos/Ryan_Castellani.jpg
Raimel,Tapia.jpg,../Photos/Raimel_Tapia.jpg
Michael,Massey.jpg,../Photos/Michael_Massey.jpg
Brandon,Hughes.jpg,../Photos/Brandon_Hughes.jpg
Liam,Hendriks.jpg,../Photos/Liam_Hendriks.jpg
Luis,Castillo.jpg,../Photos/Luis_Castillo.jpg
Tyler,Holton.jpg,../Photos/Tyler_Holton.jpg
Jimmy,Lambert.jpg,../Photos/Jimmy_Lambert.jpg
Adrian,Morejon.jpg,../Photos/Adrian_Morejon.jpg
Bo,Bichette.jpg,../Photos/Bo_Bichette.jpg
Sam,Hentges.jpg,../Photos/Sam_Hentges.jpg
Taylor,Rogers.jpg,../Photos/Taylor_Rogers.jpg
Luke,Voit.jpg,../Photos/Luke_Voit.jpg
Sandy,Alcantara.jpg,../Photos/Sandy_Alcantara.jpg
Phillip,Diehl.jpg,../Photos/Phillip_Diehl.jpg
Paul,Sewald.jpg,../Photos/Paul_Sewald.jpg
Jordan,Montgomery.jpg,../Photos/Jordan_Montgomery.jpg
Chris,Stratton.jpg,../Photos/Chris_Stratton.jpg
Adley,Rutschman.jpg,../Photos/Adley_Rutschman.jpg
Xander,Bogaerts.jpg,../Photos/Xander_Bogaerts.jpg
Merrill,Kelly.jpg,../Photos/Merrill_Kelly.jpg
Shea,Langeliers.jpg,../Photos/Shea_Langeliers.jpg
Trevor,Larnach.jpg,../Photos/Trevor_Larnach.jpg
Dominic,Smith.jpg,../Photos/Dominic_Smith.jpg
Charlie,Morton.jpg,../Photos/Charlie_Morton.jpg
Mike,Brosseau.jpg,../Photos/Mike_Brosseau.jpg
Rafael,Devers.jpg,../Photos/Rafael_Devers.jpg
Eric,Lauer.jpg,../Photos/Eric_Lauer.jpg
Chase,Silseth.jpg,../Photos/Chase_Silseth.jpg
Jordan,Luplow.jpg,../Photos/Jordan_Luplow.jpg
Drew,Steckenrider.jpg,../Photos/Drew_Steckenrider.jpg
Enyel,De Los Santos.jpg,../Photos/Enyel_De Los Santos.jpg
Dermis,Garcia.jpg,../Photos/Dermis_Garcia.jpg
Travis,Blankenhorn.jpg,../Photos/Travis_Blankenhorn.jpg
Corey,Seager.jpg,../Photos/Corey_Seager.jpg
Jay,Jackson.jpg,../Photos/Jay_Jackson.jpg
Chad,Smith.jpg,../Photos/Chad_Smith.jpg
Shane,Greene.jpg,../Photos/Shane_Greene.jpg
Jerad,Eickhoff.jpg,../Photos/Jerad_Eickhoff.jpg
Shelby,Miller.jpg,../Photos/Shelby_Miller.jpg
Drew,Smyly.jpg,../Photos/Drew_Smyly.jpg
Angel,Zerpa.jpg,../Photos/Angel_Zerpa.jpg
Bryse,Wilson.jpg,../Photos/Bryse_Wilson.jpg
Ji-Man,Choi.jpg,../Photos/Ji-Man_Choi.jpg
Anthony,Bender.jpg,../Photos/Anthony_Bender.jpg
Fernando,Cruz.jpg,../Photos/Fernando_Cruz.jpg
C.J.,Cron.jpg,../Photos/C.J._Cron.jpg
Johan,Camargo.jpg,../Photos/Johan_Camargo.jpg
Ryan,O'Hearn.jpg,../Photos/Ryan_O'Hearn.jpg
Aaron,Nola.jpg,../Photos/Aaron_Nola.jpg
Josh,Rojas.jpg,../Photos/Josh_Rojas.jpg
Art,Warren.jpg,../Photos/Art_Warren.jpg
Cade,Cavalli.jpg,../Photos/Cade_Cavalli.jpg
Devin,Williams.jpg,../Photos/Devin_Williams.jpg
Anderson,Espinoza.jpg,../Photos/Anderson_Espinoza.jpg
Beau,Brieske.jpg,../Photos/Beau_Brieske.jpg
Christopher,Morel.jpg,../Photos/Christopher_Morel.jpg
Connor,Joe.jpg,../Photos/Connor_Joe.jpg
Mookie,Betts.jpg,../Photos/Mookie_Betts.jpg
Tyler,Naquin.jpg,../Photos/Tyler_Naquin.jpg
Bryce,Elder.jpg,../Photos/Bryce_Elder.jpg
Gosuke,Katoh.jpg,../Photos/Gosuke_Katoh.jpg
Dustin,Garneau.jpg,../Photos/Dustin_Garneau.jpg
Justin,Turner.jpg,../Photos/Justin_Turner.jpg
James,McCann.jpg,../Photos/James_McCann.jpg
Mickey,Moniak.jpg,../Photos/Mickey_Moniak.jpg
Chris,Taylor.jpg,../Photos/Chris_Taylor.jpg
Will,Smith.jpg,../Photos/Will_Smith.jpg
Nash,Walters.jpg,../Photos/Nash_Walters.jpg
Tim,Mayza.jpg,../Photos/Tim_Mayza.jpg
Dominic,Leone.jpg,../Photos/Dominic_Leone.jpg
Taylor,Clarke.jpg,../Photos/Taylor_Clarke.jpg
DL,Hall.jpg,../Photos/DL_Hall.jpg
Alek,Manoah.jpg,../Photos/Alek_Manoah.jpg
Trevor,Kelley.jpg,../Photos/Trevor_Kelley.jpg
Connor,Seabold.jpg,../Photos/Connor_Seabold.jpg
Ronny,Henriquez.jpg,../Photos/Ronny_Henriquez.jpg
Yadiel,Hernandez.jpg,../Photos/Yadiel_Hernandez.jpg
Billy,Hamilton.jpg,../Photos/Billy_Hamilton.jpg
Jeimer,Candelario.jpg,../Photos/Jeimer_Candelario.jpg
Jacob,deGrom.jpg,../Photos/Jacob_deGrom.jpg
Reyes,Moronta.jpg,../Photos/Reyes_Moronta.jpg
Logan,Webb.jpg,../Photos/Logan_Webb.jpg
Jorge,Alfaro.jpg,../Photos/Jorge_Alfaro.jpg
Miguel,Castro.jpg,../Photos/Miguel_Castro.jpg
James,Norwood.jpg,../Photos/James_Norwood.jpg
Bryson,Stott.jpg,../Photos/Bryson_Stott.jpg
Jose,Siri.jpg,../Photos/Jose_Siri.jpg
Shohei,Ohtani.jpg,../Photos/Shohei_Ohtani.jpg
Ian,Gibaut.jpg,../Photos/Ian_Gibaut.jpg
Yoshi,Tsutsugo.jpg,../Photos/Yoshi_Tsutsugo.jpg
Nick,Martinez.jpg,../Photos/Nick_Martinez.jpg
Seth,Beer.jpg,../Photos/Seth_Beer.jpg
Damon,Jones.jpg,../Photos/Damon_Jones.jpg
Miles,Mikolas.jpg,../Photos/Miles_Mikolas.jpg
Michael,Toglia.jpg,../Photos/Michael_Toglia.jpg
Mitch,White.jpg,../Photos/Mitch_White.jpg
Yonathan,Daza.jpg,../Photos/Yonathan_Daza.jpg
Jordan,Sheffield.jpg,../Photos/Jordan_Sheffield.jpg
Casey,Lawrence.jpg,../Photos/Casey_Lawrence.jpg
Mark,Contreras.jpg,../Photos/Mark_Contreras.jpg
Niko,Goodrum.jpg,../Photos/Niko_Goodrum.jpg
Adbert,Alzolay.jpg,../Photos/Adbert_Alzolay.jpg
Trevor,Stephan.jpg,../Photos/Trevor_Stephan.jpg
Nicholas,Padilla.jpg,../Photos/Nicholas_Padilla.jpg
Willie,Calhoun.jpg,../Photos/Willie_Calhoun.jpg
Sonny,Gray.jpg,../Photos/Sonny_Gray.jpg
Miguel,Diaz.jpg,../Photos/Miguel_Diaz.jpg
Max,Kepler.jpg,../Photos/Max_Kepler.jpg
Gio,Urshela.jpg,../Photos/Gio_Urshela.jpg
Kevin,Herget.jpg,../Photos/Kevin_Herget.jpg
Daniel,Castano.jpg,../Photos/Daniel_Castano.jpg
Rylan,Bannon.jpg,../Photos/Rylan_Bannon.jpg
Roman,Quinn.jpg,../Photos/Roman_Quinn.jpg
Jose,Herrera.jpg,../Photos/Jose_Herrera.jpg
Kyle,Lewis.jpg,../Photos/Kyle_Lewis.jpg
Zach,Jackson.jpg,../Photos/Zach_Jackson.jpg
Aaron,Loup.jpg,../Photos/Aaron_Loup.jpg
Steven,Duggar.jpg,../Photos/Steven_Duggar.jpg
JT,Riddle.jpg,../Photos/JT_Riddle.jpg
Ronnie,Dawson.jpg,../Photos/Ronnie_Dawson.jpg
Oswald,Peraza.jpg,../Photos/Oswald_Peraza.jpg
Francisco,Morales.jpg,../Photos/Francisco_Morales.jpg
Bryan,Abreu.jpg,../Photos/Bryan_Abreu.jpg
Joe,Mantiply.jpg,../Photos/Joe_Mantiply.jpg
Elieser,Hernandez.jpg,../Photos/Elieser_Hernandez.jpg
Logan,O'Hoppe.jpg,../Photos/Logan_O'Hoppe.jpg
Otto,Lopez.jpg,../Photos/Otto_Lopez.jpg
Elvis,Andrus.jpg,../Photos/Elvis_Andrus.jpg
Austin,Adams.jpg,../Photos/Austin_Adams.jpg
Jason,Adam.jpg,../Photos/Jason_Adam.jpg
Matt,Barnes.jpg,../Photos/Matt_Barnes.jpg
Kris,Bubic.jpg,../Photos/Kris_Bubic.jpg
Jack,Larsen.jpg,../Photos/Jack_Larsen.jpg
Mitch,Haniger.jpg,../Photos/Mitch_Haniger.jpg
Duane,Underwood Jr..jpg,../Photos/Duane_Underwood Jr..jpg
Austin,Dean.jpg,../Photos/Austin_Dean.jpg
Robbie,Ray.jpg,../Photos/Robbie_Ray.jpg
A.J.,Ladwig.jpg,../Photos/A.J._Ladwig.jpg
Christian,Yelich.jpg,../Photos/Christian_Yelich.jpg
Donny,Sands.jpg,../Photos/Donny_Sands.jpg
Brad,Hand.jpg,../Photos/Brad_Hand.jpg
Tyler,Anderson.jpg,../Photos/Tyler_Anderson.jpg
Matt,Duffy.jpg,../Photos/Matt_Duffy.jpg
Luke,Bard.jpg,../Photos/Luke_Bard.jpg
