First Name,Last Name,Image
Precious,Achiuwa,../Photos/Precious_Achiuwa.jpg
Steven,Adams,../Photos/Steven_Adams.jpg
Bam,Adebayo,../Photos/Bam_Adebayo.jpg
Ochai,Agbaji,../Photos/Ochai_Agbaji.jpg
Santi,Aldama,../Photos/Santi_Aldama.jpg
Nickeil,Alexander-Walker,../Photos/Nickeil_Alexander-Walker.jpg
Grayson,Allen,../Photos/Grayson_Allen.jpg
Jarrett,Allen,../Photos/Jarrett_Allen.jpg
Jose,Alvarado,../Photos/Jose_Alvarado.jpg
Kyle,Anderson,../Photos/Kyle_Anderson.jpg
Giannis,Antetokounmpo,../Photos/Giannis_Antetokounmpo.jpg
Thanasis,Antetokounmpo,../Photos/Thanasis_Antetokounmpo.jpg
Cole,Anthony,../Photos/Cole_Anthony.jpg
O.G.,Anunoby,../Photos/O.G._Anunoby.jpg
Ryan,Arcidiacono,../Photos/Ryan_Arcidiacono.jpg
Deni,Avdija,../Photos/Deni_Avdija.jpg
Deandre,Ayton,../Photos/Deandre_Ayton.jpg
Udoka,Azubuike,../Photos/Udoka_Azubuike.jpg
Ibou,Badji,../Photos/Ibou_Badji.jpg
Marvin,Bagley III,../Photos/Marvin_Bagley III.jpg
Patrick,Baldwin Jr.,../Photos/Patrick_Baldwin Jr..jpg
LaMelo,Ball,../Photos/LaMelo_Ball.jpg
Lonzo,Ball,../Photos/Lonzo_Ball.jpg
Mo,Bamba,../Photos/Mo_Bamba.jpg
Paolo,Banchero,../Photos/Paolo_Banchero.jpg
Desmond,Bane,../Photos/Desmond_Bane.jpg
Dalano,Banton,../Photos/Dalano_Banton.jpg
Dominick,Barlow,../Photos/Dominick_Barlow.jpg
Harrison,Barnes,../Photos/Harrison_Barnes.jpg
Scottie,Barnes,../Photos/Scottie_Barnes.jpg
RJ,Barrett,../Photos/RJ_Barrett.jpg
Will,Barton,../Photos/Will_Barton.jpg
Charles,Bassey,../Photos/Charles_Bassey.jpg
Keita,Bates-Diop,../Photos/Keita_Bates-Diop.jpg
Nicolas,Batum,../Photos/Nicolas_Batum.jpg
Darius,Bazley,../Photos/Darius_Bazley.jpg
Bradley,Beal,../Photos/Bradley_Beal.jpg
Malik,Beasley,../Photos/Malik_Beasley.jpg
MarJon,Beauchamp,../Photos/MarJon_Beauchamp.jpg
Davis,Bertans,../Photos/Davis_Bertans.jpg
Patrick,Beverley,../Photos/Patrick_Beverley.jpg
Saddiq,Bey,../Photos/Saddiq_Bey.jpg
Khem,Birch,../Photos/Khem_Birch.jpg
Goga,Bitadze,../Photos/Goga_Bitadze.jpg
Bismack,Biyombo,../Photos/Bismack_Biyombo.jpg
Buddy,Boeheim,../Photos/Buddy_Boeheim.jpg
Bogdan,Bogdanovic,../Photos/Bogdan_Bogdanovic.jpg
Bojan,Bogdanovic,../Photos/Bojan_Bogdanovic.jpg
Bol,Bol,../Photos/Bol_Bol.jpg
Leandro,Bolmaro,../Photos/Leandro_Bolmaro.jpg
Devin,Booker,../Photos/Devin_Booker.jpg
Brandon,Boston Jr.,../Photos/Brandon_Boston Jr..jpg
Chris,Boucher,../Photos/Chris_Boucher.jpg
James,Bouknight,../Photos/James_Bouknight.jpg
Jamaree,Bouyea,../Photos/Jamaree_Bouyea.jpg
Tony,Bradley,../Photos/Tony_Bradley.jpg
Malaki,Branham,../Photos/Malaki_Branham.jpg
Christian,Braun,../Photos/Christian_Braun.jpg
Mikal,Bridges,../Photos/Mikal_Bridges.jpg
Oshae,Brissett,../Photos/Oshae_Brissett.jpg
Malcolm,Brogdon,../Photos/Malcolm_Brogdon.jpg
Dillon,Brooks,../Photos/Dillon_Brooks.jpg
Bruce,Brown,../Photos/Bruce_Brown.jpg
Jaylen,Brown,../Photos/Jaylen_Brown.jpg
Kendall,Brown,../Photos/Kendall_Brown.jpg
Moses,Brown,../Photos/Moses_Brown.jpg
Sterling,Brown,../Photos/Sterling_Brown.jpg
Greg,Brown III,../Photos/Greg_Brown III.jpg
Troy,Brown Jr.,../Photos/Troy_Brown Jr..jpg
Jalen,Brunson,../Photos/Jalen_Brunson.jpg
Thomas,Bryant,../Photos/Thomas_Bryant.jpg
Reggie,Bullock,../Photos/Reggie_Bullock.jpg
Alec,Burks,../Photos/Alec_Burks.jpg
Deonte,Burton,../Photos/Deonte_Burton.jpg
Jared,Butler,../Photos/Jared_Butler.jpg
Jimmy,Butler,../Photos/Jimmy_Butler.jpg
John,Butler Jr.,../Photos/John_Butler Jr..jpg
Jamal,Cain,../Photos/Jamal_Cain.jpg
Kentavious,Caldwell-Pope,../Photos/Kentavious_Caldwell-Pope.jpg
Facundo,Campazzo,../Photos/Facundo_Campazzo.jpg
Vlatko,Cancar,../Photos/Vlatko_Cancar.jpg
Clint,Capela,../Photos/Clint_Capela.jpg
Vernon,Carey Jr.,../Photos/Vernon_Carey Jr..jpg
Jevon,Carter,../Photos/Jevon_Carter.jpg
Wendell,Carter Jr.,../Photos/Wendell_Carter Jr..jpg
Michael,Carter-Williams,../Photos/Michael_Carter-Williams.jpg
Alex,Caruso,../Photos/Alex_Caruso.jpg
Julian,Champagnie,../Photos/Julian_Champagnie.jpg
Justin,Champagnie,../Photos/Justin_Champagnie.jpg
Kennedy,Chandler,../Photos/Kennedy_Chandler.jpg
Max,Christie,../Photos/Max_Christie.jpg
Josh,Christopher,../Photos/Josh_Christopher.jpg
Brandon,Clarke,../Photos/Brandon_Clarke.jpg
Jordan,Clarkson,../Photos/Jordan_Clarkson.jpg
Nic,Claxton,../Photos/Nic_Claxton.jpg
Amir,Coffey,../Photos/Amir_Coffey.jpg
John,Collins,../Photos/John_Collins.jpg
Zach,Collins,../Photos/Zach_Collins.jpg
Mike,Conley,../Photos/Mike_Conley.jpg
Pat,Connaughton,../Photos/Pat_Connaughton.jpg
Robert,Covington,../Photos/Robert_Covington.jpg
Torrey,Craig,../Photos/Torrey_Craig.jpg
Jae,Crowder,../Photos/Jae_Crowder.jpg
Jarrett,Culver,../Photos/Jarrett_Culver.jpg
Cade,Cunningham,../Photos/Cade_Cunningham.jpg
Seth,Curry,../Photos/Seth_Curry.jpg
Stephen,Curry,../Photos/Stephen_Curry.jpg
Dyson,Daniels,../Photos/Dyson_Daniels.jpg
Anthony,Davis,../Photos/Anthony_Davis.jpg
Johnny,Davis,../Photos/Johnny_Davis.jpg
Terence,Davis,../Photos/Terence_Davis.jpg
JD,Davison,../Photos/JD_Davison.jpg
Darius,Days,../Photos/Darius_Days.jpg
DeMar,DeRozan,../Photos/DeMar_DeRozan.jpg
Dewayne,Dedmon,../Photos/Dewayne_Dedmon.jpg
Matthew,Dellavedova,../Photos/Matthew_Dellavedova.jpg
Donte,DiVincenzo,../Photos/Donte_DiVincenzo.jpg
Moussa,Diabate,../Photos/Moussa_Diabate.jpg
Mamadi,Diakite,../Photos/Mamadi_Diakite.jpg
Hamidou,Diallo,../Photos/Hamidou_Diallo.jpg
Gorgui,Dieng,../Photos/Gorgui_Dieng.jpg
Ousmane,Dieng,../Photos/Ousmane_Dieng.jpg
Spencer,Dinwiddie,../Photos/Spencer_Dinwiddie.jpg
Luka,Doncic,../Photos/Luka_Doncic.jpg
Tyler,Dorsey,../Photos/Tyler_Dorsey.jpg
Luguentz,Dort,../Photos/Luguentz_Dort.jpg
Ayo,Dosunmu,../Photos/Ayo_Dosunmu.jpg
Devon,Dotson,../Photos/Devon_Dotson.jpg
Jeff,Dowtin Jr.,../Photos/Jeff_Dowtin Jr..jpg
PJ,Dozier,../Photos/PJ_Dozier.jpg
Goran,Dragic,../Photos/Goran_Dragic.jpg
Andre,Drummond,../Photos/Andre_Drummond.jpg
Chris,Duarte,../Photos/Chris_Duarte.jpg
David,Duke Jr.,../Photos/David_Duke Jr..jpg
Kris,Dunn,../Photos/Kris_Dunn.jpg
Kevin,Durant,../Photos/Kevin_Durant.jpg
Jalen,Duren,../Photos/Jalen_Duren.jpg
Tari,Eason,../Photos/Tari_Eason.jpg
Anthony,Edwards,../Photos/Anthony_Edwards.jpg
Kessler,Edwards,../Photos/Kessler_Edwards.jpg
Keon,Ellis,../Photos/Keon_Ellis.jpg
Joel,Embiid,../Photos/Joel_Embiid.jpg
Drew,Eubanks,../Photos/Drew_Eubanks.jpg
Bruno,Fernando,../Photos/Bruno_Fernando.jpg
Dorian,Finney-Smith,../Photos/Dorian_Finney-Smith.jpg
Malachi,Flynn,../Photos/Malachi_Flynn.jpg
Simone,Fontecchio,../Photos/Simone_Fontecchio.jpg
Bryn,Forbes,../Photos/Bryn_Forbes.jpg
Trent,Forrest,../Photos/Trent_Forrest.jpg
Michael,Foster Jr.,../Photos/Michael_Foster Jr..jpg
Evan,Fournier,../Photos/Evan_Fournier.jpg
De'Aaron,Fox,../Photos/De'Aaron_Fox.jpg
Markelle,Fultz,../Photos/Markelle_Fultz.jpg
Wenyen,Gabriel,../Photos/Wenyen_Gabriel.jpg
Daniel,Gafford,../Photos/Daniel_Gafford.jpg
Danilo,Gallinari,../Photos/Danilo_Gallinari.jpg
Darius,Garland,../Photos/Darius_Garland.jpg
Usman,Garuba,../Photos/Usman_Garuba.jpg
Luka,Garza,../Photos/Luka_Garza.jpg
Rudy,Gay,../Photos/Rudy_Gay.jpg
Paul,George,../Photos/Paul_George.jpg
Taj,Gibson,../Photos/Taj_Gibson.jpg
Josh,Giddey,../Photos/Josh_Giddey.jpg
Shai,Gilgeous-Alexander,../Photos/Shai_Gilgeous-Alexander.jpg
Anthony,Gill,../Photos/Anthony_Gill.jpg
Collin,Gillespie,../Photos/Collin_Gillespie.jpg
Rudy,Gobert,../Photos/Rudy_Gobert.jpg
Jordan,Goodwin,../Photos/Jordan_Goodwin.jpg
Aaron,Gordon,../Photos/Aaron_Gordon.jpg
Eric,Gordon,../Photos/Eric_Gordon.jpg
Devonte',Graham,../Photos/Devonte'_Graham.jpg
Jerami,Grant,../Photos/Jerami_Grant.jpg
AJ,Green,../Photos/AJ_Green.jpg
Danny,Green,../Photos/Danny_Green.jpg
Draymond,Green,../Photos/Draymond_Green.jpg
JaMychal,Green,../Photos/JaMychal_Green.jpg
Jalen,Green,../Photos/Jalen_Green.jpg
Javonte,Green,../Photos/Javonte_Green.jpg
Jeff,Green,../Photos/Jeff_Green.jpg
Josh,Green,../Photos/Josh_Green.jpg
AJ,Griffin,../Photos/AJ_Griffin.jpg
Blake,Griffin,../Photos/Blake_Griffin.jpg
Quentin,Grimes,../Photos/Quentin_Grimes.jpg
Rui,Hachimura,../Photos/Rui_Hachimura.jpg
Tyrese,Haliburton,../Photos/Tyrese_Haliburton.jpg
Jordan,Hall,../Photos/Jordan_Hall.jpg
R.J.,Hampton,../Photos/R.J._Hampton.jpg
Tim,Hardaway Jr.,../Photos/Tim_Hardaway Jr..jpg
James,Harden,../Photos/James_Harden.jpg
Jaden,Hardy,../Photos/Jaden_Hardy.jpg
Ron,Harper Jr.,../Photos/Ron_Harper Jr..jpg
Montrezl,Harrell,../Photos/Montrezl_Harrell.jpg
Gary,Harris,../Photos/Gary_Harris.jpg
Joe,Harris,../Photos/Joe_Harris.jpg
Kevon,Harris,../Photos/Kevon_Harris.jpg
Tobias,Harris,../Photos/Tobias_Harris.jpg
Josh,Hart,../Photos/Josh_Hart.jpg
Isaiah,Hartenstein,../Photos/Isaiah_Hartenstein.jpg
Udonis,Haslem,../Photos/Udonis_Haslem.jpg
Sam,Hauser,../Photos/Sam_Hauser.jpg
Jaxson,Hayes,../Photos/Jaxson_Hayes.jpg
Killian,Hayes,../Photos/Killian_Hayes.jpg
Gordon,Hayward,../Photos/Gordon_Hayward.jpg
Juancho,Hernangomez,../Photos/Juancho_Hernangomez.jpg
Willy,Hernangomez,../Photos/Willy_Hernangomez.jpg
Tyler,Herro,../Photos/Tyler_Herro.jpg
Buddy,Hield,../Photos/Buddy_Hield.jpg
Haywood,Highsmith,../Photos/Haywood_Highsmith.jpg
George,Hill,../Photos/George_Hill.jpg
Malcolm,Hill,../Photos/Malcolm_Hill.jpg
Aaron,Holiday,../Photos/Aaron_Holiday.jpg
Jrue,Holiday,../Photos/Jrue_Holiday.jpg
Justin,Holiday,../Photos/Justin_Holiday.jpg
Richaun,Holmes,../Photos/Richaun_Holmes.jpg
Chet,Holmgren,../Photos/Chet_Holmgren.jpg
Al,Horford,../Photos/Al_Horford.jpg
Talen,Horton-Tucker,../Photos/Talen_Horton-Tucker.jpg
Danuel,House Jr.,../Photos/Danuel_House Jr..jpg
Caleb,Houstan,../Photos/Caleb_Houstan.jpg
Trevor,Hudgins,../Photos/Trevor_Hudgins.jpg
Kevin,Huerter,../Photos/Kevin_Huerter.jpg
Jay,Huff,../Photos/Jay_Huff.jpg
De'Andre,Hunter,../Photos/De'Andre_Hunter.jpg
Bones,Hyland,../Photos/Bones_Hyland.jpg
Serge,Ibaka,../Photos/Serge_Ibaka.jpg
Andre,Iguodala,../Photos/Andre_Iguodala.jpg
Joe,Ingles,../Photos/Joe_Ingles.jpg
Brandon,Ingram,../Photos/Brandon_Ingram.jpg
Kyrie,Irving,../Photos/Kyrie_Irving.jpg
Jonathan,Isaac,../Photos/Jonathan_Isaac.jpg
Jaden,Ivey,../Photos/Jaden_Ivey.jpg
Frank,Jackson,../Photos/Frank_Jackson.jpg
Isaiah,Jackson,../Photos/Isaiah_Jackson.jpg
Justin,Jackson,../Photos/Justin_Jackson.jpg
Quenton,Jackson,../Photos/Quenton_Jackson.jpg
Reggie,Jackson,../Photos/Reggie_Jackson.jpg
Jaren,Jackson Jr.,../Photos/Jaren_Jackson Jr..jpg
LeBron,James,../Photos/LeBron_James.jpg
DaQuan,Jeffries,../Photos/DaQuan_Jeffries.jpg
Ty,Jerome,../Photos/Ty_Jerome.jpg
Isaiah,Joe,../Photos/Isaiah_Joe.jpg
Alize,Johnson,../Photos/Alize_Johnson.jpg
Cameron,Johnson,../Photos/Cameron_Johnson.jpg
Jalen,Johnson,../Photos/Jalen_Johnson.jpg
James,Johnson,../Photos/James_Johnson.jpg
Keldon,Johnson,../Photos/Keldon_Johnson.jpg
Keon,Johnson,../Photos/Keon_Johnson.jpg
Stanley,Johnson,../Photos/Stanley_Johnson.jpg
Nikola,Jokic,../Photos/Nikola_Jokic.jpg
Carlik,Jones,../Photos/Carlik_Jones.jpg
Damian,Jones,../Photos/Damian_Jones.jpg
Herbert,Jones,../Photos/Herbert_Jones.jpg
Kai,Jones,../Photos/Kai_Jones.jpg
Tre,Jones,../Photos/Tre_Jones.jpg
Tyus,Jones,../Photos/Tyus_Jones.jpg
Derrick,Jones Jr.,../Photos/Derrick_Jones Jr..jpg
DeAndre,Jordan,../Photos/DeAndre_Jordan.jpg
Cory,Joseph,../Photos/Cory_Joseph.jpg
Nikola,Jovic,../Photos/Nikola_Jovic.jpg
Johnny,Juzang,../Photos/Johnny_Juzang.jpg
Mfiondu,Kabengele,../Photos/Mfiondu_Kabengele.jpg
Frank,Kaminsky,../Photos/Frank_Kaminsky.jpg
Trevor,Keels,../Photos/Trevor_Keels.jpg
Luke,Kennard,../Photos/Luke_Kennard.jpg
Walker,Kessler,../Photos/Walker_Kessler.jpg
Braxton,Key,../Photos/Braxton_Key.jpg
Louis,King,../Photos/Louis_King.jpg
Corey,Kispert,../Photos/Corey_Kispert.jpg
Maxi,Kleber,../Photos/Maxi_Kleber.jpg
Nathan,Knight,../Photos/Nathan_Knight.jpg
Kevin,Knox II,../Photos/Kevin_Knox II.jpg
Christian,Koloko,../Photos/Christian_Koloko.jpg
John,Konchar,../Photos/John_Konchar.jpg
Furkan,Korkmaz,../Photos/Furkan_Korkmaz.jpg
Luke,Kornet,../Photos/Luke_Kornet.jpg
Vit,Krejci,../Photos/Vit_Krejci.jpg
Jonathan,Kuminga,../Photos/Jonathan_Kuminga.jpg
Kyle,Kuzma,../Photos/Kyle_Kuzma.jpg
Jake,LaRavia,../Photos/Jake_LaRavia.jpg
Zach,LaVine,../Photos/Zach_LaVine.jpg
Anthony,Lamb,../Photos/Anthony_Lamb.jpg
Jock,Landale,../Photos/Jock_Landale.jpg
Romeo,Langford,../Photos/Romeo_Langford.jpg
A.J.,Lawson,../Photos/A.J._Lawson.jpg
Caris,LeVert,../Photos/Caris_LeVert.jpg
Damion,Lee,../Photos/Damion_Lee.jpg
Saben,Lee,../Photos/Saben_Lee.jpg
Alex,Len,../Photos/Alex_Len.jpg
Kawhi,Leonard,../Photos/Kawhi_Leonard.jpg
Meyers,Leonard,../Photos/Meyers_Leonard.jpg
Justin,Lewis,../Photos/Justin_Lewis.jpg
Kira,Lewis Jr.,../Photos/Kira_Lewis Jr..jpg
E.J.,Liddell,../Photos/E.J._Liddell.jpg
Damian,Lillard,../Photos/Damian_Lillard.jpg
Nassir,Little,../Photos/Nassir_Little.jpg
Isaiah,Livers,../Photos/Isaiah_Livers.jpg
Kenneth,Lofton Jr.,../Photos/Kenneth_Lofton Jr..jpg
Kevon,Looney,../Photos/Kevon_Looney.jpg
Brook,Lopez,../Photos/Brook_Lopez.jpg
Robin,Lopez,../Photos/Robin_Lopez.jpg
Kevin,Love,../Photos/Kevin_Love.jpg
Kyle,Lowry,../Photos/Kyle_Lowry.jpg
Trey,Lyles,../Photos/Trey_Lyles.jpg
Theo,Maledon,../Photos/Theo_Maledon.jpg
Sandro,Mamukelashvili,../Photos/Sandro_Mamukelashvili.jpg
Terance,Mann,../Photos/Terance_Mann.jpg
Tre,Mann,../Photos/Tre_Mann.jpg
Boban,Marjanovic,../Photos/Boban_Marjanovic.jpg
Lauri,Markkanen,../Photos/Lauri_Markkanen.jpg
Naji,Marshall,../Photos/Naji_Marshall.jpg
Caleb,Martin,../Photos/Caleb_Martin.jpg
Cody,Martin,../Photos/Cody_Martin.jpg
Tyrese,Martin,../Photos/Tyrese_Martin.jpg
Kenyon,Martin Jr.,../Photos/Kenyon_Martin Jr..jpg
Garrison,Mathews,../Photos/Garrison_Mathews.jpg
Bennedict,Mathurin,../Photos/Bennedict_Mathurin.jpg
Wesley,Matthews,../Photos/Wesley_Matthews.jpg
Tyrese,Maxey,../Photos/Tyrese_Maxey.jpg
Miles,McBride,../Photos/Miles_McBride.jpg
Mac,McClung,../Photos/Mac_McClung.jpg
CJ,McCollum,../Photos/CJ_McCollum.jpg
T.J.,McConnell,../Photos/T.J._McConnell.jpg
Jaden,McDaniels,../Photos/Jaden_McDaniels.jpg
Jalen,McDaniels,../Photos/Jalen_McDaniels.jpg
Doug,McDermott,../Photos/Doug_McDermott.jpg
JaVale,McGee,../Photos/JaVale_McGee.jpg
Bryce,McGowens,../Photos/Bryce_McGowens.jpg
Rodney,McGruder,../Photos/Rodney_McGruder.jpg
Jordan,McLaughlin,../Photos/Jordan_McLaughlin.jpg
De'Anthony,Melton,../Photos/De'Anthony_Melton.jpg
Sam,Merrill,../Photos/Sam_Merrill.jpg
Chimezie,Metu,../Photos/Chimezie_Metu.jpg
Khris,Middleton,../Photos/Khris_Middleton.jpg
Patty,Mills,../Photos/Patty_Mills.jpg
Shake,Milton,../Photos/Shake_Milton.jpg
Josh,Minott,../Photos/Josh_Minott.jpg
Davion,Mitchell,../Photos/Davion_Mitchell.jpg
Donovan,Mitchell,../Photos/Donovan_Mitchell.jpg
Evan,Mobley,../Photos/Evan_Mobley.jpg
Isaiah,Mobley,../Photos/Isaiah_Mobley.jpg
Chima,Moneke,../Photos/Chima_Moneke.jpg
Malik,Monk,../Photos/Malik_Monk.jpg
Moses,Moody,../Photos/Moses_Moody.jpg
Xavier,Moon,../Photos/Xavier_Moon.jpg
Wendell,Moore Jr.,../Photos/Wendell_Moore Jr..jpg
Ja,Morant,../Photos/Ja_Morant.jpg
Markieff,Morris,../Photos/Markieff_Morris.jpg
Monte,Morris,../Photos/Monte_Morris.jpg
Marcus,Morris Sr.,../Photos/Marcus_Morris Sr..jpg
Trey,Murphy III,../Photos/Trey_Murphy III.jpg
Dejounte,Murray,../Photos/Dejounte_Murray.jpg
Jamal,Murray,../Photos/Jamal_Murray.jpg
Keegan,Murray,../Photos/Keegan_Murray.jpg
Mike,Muscala,../Photos/Mike_Muscala.jpg
Svi,Mykhailiuk,../Photos/Svi_Mykhailiuk.jpg
Larry,Nance Jr.,../Photos/Larry_Nance Jr..jpg
Andrew,Nembhard,../Photos/Andrew_Nembhard.jpg
Aaron,Nesmith,../Photos/Aaron_Nesmith.jpg
Raul,Neto,../Photos/Raul_Neto.jpg
Georges,Niang,../Photos/Georges_Niang.jpg
Daishen,Nix,../Photos/Daishen_Nix.jpg
Zeke,Nnaji,../Photos/Zeke_Nnaji.jpg
Nerlens,Noel,../Photos/Nerlens_Noel.jpg
Jaylen,Nowell,../Photos/Jaylen_Nowell.jpg
Frank,Ntilikina,../Photos/Frank_Ntilikina.jpg
Kendrick,Nunn,../Photos/Kendrick_Nunn.jpg
Jusuf,Nurkic,../Photos/Jusuf_Nurkic.jpg
Jordan,Nwora,../Photos/Jordan_Nwora.jpg
Royce,O'Neale,../Photos/Royce_O'Neale.jpg
Chuma,Okeke,../Photos/Chuma_Okeke.jpg
Josh,Okogie,../Photos/Josh_Okogie.jpg
Onyeka,Okongwu,../Photos/Onyeka_Okongwu.jpg
Isaac,Okoro,../Photos/Isaac_Okoro.jpg
KZ,Okpala,../Photos/KZ_Okpala.jpg
Victor,Oladipo,../Photos/Victor_Oladipo.jpg
Kelly,Olynyk,../Photos/Kelly_Olynyk.jpg
Eugene,Omoruyi,../Photos/Eugene_Omoruyi.jpg
Cedi,Osman,../Photos/Cedi_Osman.jpg
Kelly,Oubre Jr.,../Photos/Kelly_Oubre Jr..jpg
Chris,Paul,../Photos/Chris_Paul.jpg
Cameron,Payne,../Photos/Cameron_Payne.jpg
Gary,Payton II,../Photos/Gary_Payton II.jpg
Theo,Pinson,../Photos/Theo_Pinson.jpg
Scotty,Pippen Jr.,../Photos/Scotty_Pippen Jr..jpg
Mason,Plumlee,../Photos/Mason_Plumlee.jpg
Jakob,Poeltl,../Photos/Jakob_Poeltl.jpg
Aleksej,Pokusevski,../Photos/Aleksej_Pokusevski.jpg
Jordan,Poole,../Photos/Jordan_Poole.jpg
Kevin,Porter Jr.,../Photos/Kevin_Porter Jr..jpg
Michael,Porter Jr.,../Photos/Michael_Porter Jr..jpg
Otto,Porter Jr.,../Photos/Otto_Porter Jr..jpg
Bobby,Portis,../Photos/Bobby_Portis.jpg
Kristaps,Porzingis,../Photos/Kristaps_Porzingis.jpg
Micah,Potter,../Photos/Micah_Potter.jpg
Dwight,Powell,../Photos/Dwight_Powell.jpg
Norman,Powell,../Photos/Norman_Powell.jpg
Jason,Preston,../Photos/Jason_Preston.jpg
Joshua,Primo,../Photos/Joshua_Primo.jpg
Taurean,Prince,../Photos/Taurean_Prince.jpg
Payton,Pritchard,../Photos/Payton_Pritchard.jpg
Trevelin,Queen,../Photos/Trevelin_Queen.jpg
Neemias,Queta,../Photos/Neemias_Queta.jpg
Immanuel,Quickley,../Photos/Immanuel_Quickley.jpg
Julius,Randle,../Photos/Julius_Randle.jpg
Austin,Reaves,../Photos/Austin_Reaves.jpg
Cam,Reddish,../Photos/Cam_Reddish.jpg
Davon,Reed,../Photos/Davon_Reed.jpg
Paul,Reed,../Photos/Paul_Reed.jpg
Naz,Reid,../Photos/Naz_Reid.jpg
Jared,Rhoden,../Photos/Jared_Rhoden.jpg
Nick,Richards,../Photos/Nick_Richards.jpg
Josh,Richardson,../Photos/Josh_Richardson.jpg
Austin,Rivers,../Photos/Austin_Rivers.jpg
Duncan,Robinson,../Photos/Duncan_Robinson.jpg
Mitchell,Robinson,../Photos/Mitchell_Robinson.jpg
Orlando,Robinson,../Photos/Orlando_Robinson.jpg
Jeremiah,Robinson-Earl,../Photos/Jeremiah_Robinson-Earl.jpg
Isaiah,Roby,../Photos/Isaiah_Roby.jpg
David,Roddy,../Photos/David_Roddy.jpg
Ryan,Rollins,../Photos/Ryan_Rollins.jpg
Derrick,Rose,../Photos/Derrick_Rose.jpg
Terrence,Ross,../Photos/Terrence_Ross.jpg
Terry,Rozier,../Photos/Terry_Rozier.jpg
Ricky,Rubio,../Photos/Ricky_Rubio.jpg
D'Angelo,Russell,../Photos/D'Angelo_Russell.jpg
Matt,Ryan,../Photos/Matt_Ryan.jpg
Domantas,Sabonis,../Photos/Domantas_Sabonis.jpg
Dario,Saric,../Photos/Dario_Saric.jpg
Olivier,Sarr,../Photos/Olivier_Sarr.jpg
Jordan,Schakel,../Photos/Jordan_Schakel.jpg
Admiral,Schofield,../Photos/Admiral_Schofield.jpg
Dennis,Schroder,../Photos/Dennis_Schroder.jpg
Dereon,Seabron,../Photos/Dereon_Seabron.jpg
Alperen,Sengun,../Photos/Alperen_Sengun.jpg
Collin,Sexton,../Photos/Collin_Sexton.jpg
Landry,Shamet,../Photos/Landry_Shamet.jpg
Day'Ron,Sharpe,../Photos/Day'Ron_Sharpe.jpg
Shaedon,Sharpe,../Photos/Shaedon_Sharpe.jpg
Pascal,Siakam,../Photos/Pascal_Siakam.jpg
Chris,Silva,../Photos/Chris_Silva.jpg
Ben,Simmons,../Photos/Ben_Simmons.jpg
Marko,Simonovic,../Photos/Marko_Simonovic.jpg
Anfernee,Simons,../Photos/Anfernee_Simons.jpg
Jericho,Sims,../Photos/Jericho_Sims.jpg
Marcus,Smart,../Photos/Marcus_Smart.jpg
Dru,Smith,../Photos/Dru_Smith.jpg
Ish,Smith,../Photos/Ish_Smith.jpg
Jalen,Smith,../Photos/Jalen_Smith.jpg
Dennis,Smith Jr.,../Photos/Dennis_Smith Jr..jpg
Jabari,Smith Jr.,../Photos/Jabari_Smith Jr..jpg
Jeremy,Sochan,../Photos/Jeremy_Sochan.jpg
Jaden,Springer,../Photos/Jaden_Springer.jpg
Lamar,Stevens,../Photos/Lamar_Stevens.jpg
Isaiah,Stewart,../Photos/Isaiah_Stewart.jpg
Max,Strus,../Photos/Max_Strus.jpg
Jalen,Suggs,../Photos/Jalen_Suggs.jpg
Edmond,Sumner,../Photos/Edmond_Sumner.jpg
Cole,Swider,../Photos/Cole_Swider.jpg
Jae'Sean,Tate,../Photos/Jae'Sean_Tate.jpg
Jayson,Tatum,../Photos/Jayson_Tatum.jpg
Terry,Taylor,../Photos/Terry_Taylor.jpg
Garrett,Temple,../Photos/Garrett_Temple.jpg
Dalen,Terry,../Photos/Dalen_Terry.jpg
Daniel,Theis,../Photos/Daniel_Theis.jpg
Cam,Thomas,../Photos/Cam_Thomas.jpg
Klay,Thompson,../Photos/Klay_Thompson.jpg
JT,Thor,../Photos/JT_Thor.jpg
Matisse,Thybulle,../Photos/Matisse_Thybulle.jpg
Xavier,Tillman,../Photos/Xavier_Tillman.jpg
Isaiah,Todd,../Photos/Isaiah_Todd.jpg
Obi,Toppin,../Photos/Obi_Toppin.jpg
Juan,Toscano-Anderson,../Photos/Juan_Toscano-Anderson.jpg
Karl-Anthony,Towns,../Photos/Karl-Anthony_Towns.jpg
Gary,Trent Jr.,../Photos/Gary_Trent Jr..jpg
P.J.,Tucker,../Photos/P.J._Tucker.jpg
Myles,Turner,../Photos/Myles_Turner.jpg
Stanley,Umude,../Photos/Stanley_Umude.jpg
Jonas,Valanciunas,../Photos/Jonas_Valanciunas.jpg
Fred,VanVleet,../Photos/Fred_VanVleet.jpg
Jarred,Vanderbilt,../Photos/Jarred_Vanderbilt.jpg
Devin,Vassell,../Photos/Devin_Vassell.jpg
Gabe,Vincent,../Photos/Gabe_Vincent.jpg
Noah,Vonleh,../Photos/Noah_Vonleh.jpg
Nikola,Vucevic,../Photos/Nikola_Vucevic.jpg
Dean,Wade,../Photos/Dean_Wade.jpg
Franz,Wagner,../Photos/Franz_Wagner.jpg
Moritz,Wagner,../Photos/Moritz_Wagner.jpg
Ish,Wainright,../Photos/Ish_Wainright.jpg
Jabari,Walker,../Photos/Jabari_Walker.jpg
Kemba,Walker,../Photos/Kemba_Walker.jpg
Lonnie,Walker IV,../Photos/Lonnie_Walker IV.jpg
John,Wall,../Photos/John_Wall.jpg
T.J.,Warren,../Photos/T.J._Warren.jpg
P.J.,Washington,../Photos/P.J._Washington.jpg
Duane,Washington Jr.,../Photos/Duane_Washington Jr..jpg
TyTy,Washington Jr.,../Photos/TyTy_Washington Jr..jpg
Yuta,Watanabe,../Photos/Yuta_Watanabe.jpg
Lindy,Waters III,../Photos/Lindy_Waters III.jpg
Trendon,Watford,../Photos/Trendon_Watford.jpg
Peyton,Watson,../Photos/Peyton_Watson.jpg
Blake,Wesley,../Photos/Blake_Wesley.jpg
Russell,Westbrook,../Photos/Russell_Westbrook.jpg
Coby,White,../Photos/Coby_White.jpg
Derrick,White,../Photos/Derrick_White.jpg
Jack,White,../Photos/Jack_White.jpg
Joe,Wieskamp,../Photos/Joe_Wieskamp.jpg
Aaron,Wiggins,../Photos/Aaron_Wiggins.jpg
Andrew,Wiggins,../Photos/Andrew_Wiggins.jpg
Lindell,Wigginton,../Photos/Lindell_Wigginton.jpg
Alondes,Williams,../Photos/Alondes_Williams.jpg
Donovan,Williams,../Photos/Donovan_Williams.jpg
Grant,Williams,../Photos/Grant_Williams.jpg
Jalen,Williams,../Photos/Jalen_Williams.jpg
Jaylin,Williams,../Photos/Jaylin_Williams.jpg
Kenrich,Williams,../Photos/Kenrich_Williams.jpg
Mark,Williams,../Photos/Mark_Williams.jpg
Patrick,Williams,../Photos/Patrick_Williams.jpg
Ziaire,Williams,../Photos/Ziaire_Williams.jpg
Robert,Williams III,../Photos/Robert_Williams III.jpg
Vince,Williams Jr.,../Photos/Vince_Williams Jr..jpg
Zion,Williamson,../Photos/Zion_Williamson.jpg
Dylan,Windler,../Photos/Dylan_Windler.jpg
Justise,Winslow,../Photos/Justise_Winslow.jpg
James,Wiseman,../Photos/James_Wiseman.jpg
Christian,Wood,../Photos/Christian_Wood.jpg
Delon,Wright,../Photos/Delon_Wright.jpg
McKinley,Wright IV,../Photos/McKinley_Wright IV.jpg
Thaddeus,Young,../Photos/Thaddeus_Young.jpg
Trae,Young,../Photos/Trae_Young.jpg
Omer,Yurtseven,../Photos/Omer_Yurtseven.jpg
Cody,Zeller,../Photos/Cody_Zeller.jpg
Ivica,Zubac,../Photos/Ivica_Zubac.jpg
