First Name,Last Name,Image
Pieter,Abbeel,./testPics/Pieter_Abbeel.jpg
Elad,Alon,./testPics/Elad_Alon.jpg
Venkat,Anantharam,./testPics/Venkat_Anantharam.jpg
Gopala,Anumanchipalli,./testPics/Gopala_Anumanchipalli.jpg
Murat,Arcak,./testPics/Murat_Arcak.jpg
Ana,Arias,./testPics/Ana_Arias.jpg
Krste,Asanović,./testPics/Krste_Asanović.jpg
David,Attwood,./testPics/David_Attwood.jpg
Babak,Ayazifar,./testPics/Babak_Ayazifar.jpg
Ruzena,Bajcsy,./testPics/Ruzena_Bajcsy.jpg
Michael,Ball,./testPics/Michael_Ball.jpg
David,Bamman,./testPics/David_Bamman.jpg
Brian,Barsky,./testPics/Brian_Barsky.jpg
Peter,Bartlett,./testPics/Peter_Bartlett.jpg
Jeffrey,Bokor,./testPics/Jeffrey_Bokor.jpg
Jessica,Boles,./testPics/Jessica_Boles.jpg
Christian,Borgs,./testPics/Christian_Borgs.jpg
Bernhard,Boser,./testPics/Bernhard_Boser.jpg
Robert,Brayton,./testPics/Robert_Brayton.jpg
Eric,Brewer,./testPics/Eric_Brewer.jpg
Thomas,Budinger,./testPics/Thomas_Budinger.jpg
Aydin,Buluç,./testPics/Aydin_Buluç.jpg
Duncan,Callaway,./testPics/Duncan_Callaway.jpg
John,Canny,./testPics/John_Canny.jpg
Yuan,Cao,./testPics/Yuan_Cao.jpg
Jose,Carmena,./testPics/Jose_Carmena.jpg
Constance,Chang-Hasnain,./testPics/Constance_Chang-Hasnain.jpg
Sarah,Chasins,./testPics/Sarah_Chasins.jpg
Jennifer,Chayes,./testPics/Jennifer_Chayes.jpg
Irene,Chen,./testPics/Irene_Chen.jpg
Alvin,Cheung,./testPics/Alvin_Cheung.jpg
Jun-Chau,Chien,./testPics/Jun-Chau_Chien.jpg
Alessandro,Chiesa,./testPics/Alessandro_Chiesa.jpg
Leon,Chua,./testPics/Leon_Chua.jpg
John,Chuang,./testPics/John_Chuang.jpg
Michael,Clancy,./testPics/Michael_Clancy.jpg
Phillip,Colella,./testPics/Phillip_Colella.jpg
Steven,Conolly,./testPics/Steven_Conolly.jpg
Thomas,Courtade,./testPics/Thomas_Courtade.jpg
Natacha,Crooks,./testPics/Natacha_Crooks.jpg
David,Culler,./testPics/David_Culler.jpg
Trevor,Darrell,./testPics/Trevor_Darrell.jpg
James,Demmel,./testPics/James_Demmel.jpg
John,DeNero,./testPics/John_DeNero.jpg
Anca,Dragan,./testPics/Anca_Dragan.jpg
Prabal,Dutta,./testPics/Prabal_Dutta.jpg
Alexei,Efros,./testPics/Alexei_Efros.jpg
Laurent,Ghaoui,./testPics/Laurent_Ghaoui.jpg
Hany,Farid,./testPics/Hany_Farid.jpg
Richard,Fateman,./testPics/Richard_Fateman.jpg
Ronald,Fearing,./testPics/Ronald_Fearing.jpg
Jerome,Feldman,./testPics/Jerome_Feldman.jpg
Domenico,Ferrari,./testPics/Domenico_Ferrari.jpg
Christopher,Fletcher,./testPics/Christopher_Fletcher.jpg
Armando,Fox,./testPics/Armando_Fox.jpg
Gerald,Friedland,./testPics/Gerald_Friedland.jpg
Robert,Full,./testPics/Robert_Full.jpg
Jack,Gallant,./testPics/Jack_Gallant.jpg
Dan,Garcia,./testPics/Dan_Garcia.jpg
Sanjam,Garg,./testPics/Sanjam_Garg.jpg
Ali,Ghodsi,./testPics/Ali_Ghodsi.jpg
Ken,Goldberg,./testPics/Ken_Goldberg.jpg
Shafi,Goldwasser,./testPics/Shafi_Goldwasser.jpg
Joseph,Gonzalez,./testPics/Joseph_Gonzalez.jpg
Susan,Graham,./testPics/Susan_Graham.jpg
Paul,Gray,./testPics/Paul_Gray.jpg
Venkatesan,Guruswami,./testPics/Venkatesan_Guruswami.jpg
T.,Gustafson,./testPics/T._Gustafson.jpg
Nika,Haghtalab,./testPics/Nika_Haghtalab.jpg
Moritz,Hardt,./testPics/Moritz_Hardt.jpg
Michael,Harrison,./testPics/Michael_Harrison.jpg
Björn,Hartmann,./testPics/Björn_Hartmann.jpg
Brian,Harvey,./testPics/Brian_Harvey.jpg
Marti,Hearst,./testPics/Marti_Hearst.jpg
Joseph,Hellerstein,./testPics/Joseph_Hellerstein.jpg
Paul,Hilfinger,./testPics/Paul_Hilfinger.jpg
Chenming,Hu,./testPics/Chenming_Hu.jpg
Joshua,Hug,./testPics/Joshua_Hug.jpg
Christopher,Hunn,./testPics/Christopher_Hunn.jpg
Nilah,Ioannidis,./testPics/Nilah_Ioannidis.jpg
Lakshya,Jain,./testPics/Lakshya_Jain.jpg
Ali,Javey,./testPics/Ali_Javey.jpg
Jiantao,Jiao,./testPics/Jiantao_Jiao.jpg
Michael,Jordan,./testPics/Michael_Jordan.jpg
Anthony,Joseph,./testPics/Anthony_Joseph.jpg
William,Kahan,./testPics/William_Kahan.jpg
Angjoo,Kanazawa,./testPics/Angjoo_Kanazawa.jpg
Boubacar,Kanté,./testPics/Boubacar_Kanté.jpg
Richard,Karp,./testPics/Richard_Karp.jpg
Randy,Katz,./testPics/Randy_Katz.jpg
Kurt,Keutzer,./testPics/Kurt_Keutzer.jpg
Preeya,Khanna,./testPics/Preeya_Khanna.jpg
Tsu-Jae,Liu,./testPics/Tsu-Jae_Liu.jpg
Daniel,Klein,./testPics/Daniel_Klein.jpg
John,Kubiatowicz,./testPics/John_Kubiatowicz.jpg
Kam,Lau,./testPics/Kam_Lau.jpg
Edward,Lee,./testPics/Edward_Lee.jpg
Luke,Lee,./testPics/Luke_Lee.jpg
Sergey,Levine,./testPics/Sergey_Levine.jpg
Edwin,Lewis,./testPics/Edwin_Lewis.jpg
Michael,Lieberman,./testPics/Michael_Lieberman.jpg
Jennifer,Listgarten,./testPics/Jennifer_Listgarten.jpg
Chunlei,Liu,./testPics/Chunlei_Liu.jpg
Michael,Lustig,./testPics/Michael_Lustig.jpg
Eric,Ma,./testPics/Eric_Ma.jpg
Yi,Ma,./testPics/Yi_Ma.jpg
Michel,Maharbiz,./testPics/Michel_Maharbiz.jpg
Jitendra,Malik,./testPics/Jitendra_Malik.jpg
David,Messerschmitt,./testPics/David_Messerschmitt.jpg
Robert,Meyer,./testPics/Robert_Meyer.jpg
Nelson,Morgan,./testPics/Nelson_Morgan.jpg
Richard,Muller,./testPics/Richard_Muller.jpg
Rikky,Muller,./testPics/Rikky_Muller.jpg
Jelani,Nelson,./testPics/Jelani_Nelson.jpg
Andrew,Neureuther,./testPics/Andrew_Neureuther.jpg
Ren,Ng,./testPics/Ren_Ng.jpg
Clark,Nguyen,./testPics/Clark_Nguyen.jpg
Ali,Niknejad,./testPics/Ali_Niknejad.jpg
Borivoje,Nikolic,./testPics/Borivoje_Nikolic.jpg
Narges,Norouzi,./testPics/Narges_Norouzi.jpg
James,O'Brien,./testPics/James_O'Brien.jpg
William,Oldham,./testPics/William_Oldham.jpg
Bruno,Olshausen,./testPics/Bruno_Olshausen.jpg
Christos,Papadimitriou,./testPics/Christos_Papadimitriou.jpg
Aditya,Parameswaran,./testPics/Aditya_Parameswaran.jpg
Shyam,Parekh,./testPics/Shyam_Parekh.jpg
Beresford,Parlett,./testPics/Beresford_Parlett.jpg
David,Patterson,./testPics/David_Patterson.jpg
Eric,Paulos,./testPics/Eric_Paulos.jpg
Vern,Paxson,./testPics/Vern_Paxson.jpg
Robert,Pilawa-Podgurski,./testPics/Robert_Pilawa-Podgurski.jpg
Kristofer,Pister,./testPics/Kristofer_Pister.jpg
Elijah,Polak,./testPics/Elijah_Polak.jpg
Kameshwar,Poolla,./testPics/Kameshwar_Poolla.jpg
Raluca,Popa,./testPics/Raluca_Popa.jpg
Jan,Rabaey,./testPics/Jan_Rabaey.jpg
Prasad,Raghavendra,./testPics/Prasad_Raghavendra.jpg
Kannan,Ramchandran,./testPics/Kannan_Ramchandran.jpg
Gireeja,Ranade,./testPics/Gireeja_Ranade.jpg
Satish,Rao,./testPics/Satish_Rao.jpg
Sylvia,Ratnasamy,./testPics/Sylvia_Ratnasamy.jpg
Benjamin,Recht,./testPics/Benjamin_Recht.jpg
Lawrence,Rowe,./testPics/Lawrence_Rowe.jpg
Jaijeet,Roychowdhury,./testPics/Jaijeet_Roychowdhury.jpg
Stuart,Russell,./testPics/Stuart_Russell.jpg
Anant,Sahai,./testPics/Anant_Sahai.jpg
Sayeef,Salahuddin,./testPics/Sayeef_Salahuddin.jpg
Seth,Sanders,./testPics/Seth_Sanders.jpg
Alberto,Sangiovanni-Vincentelli,./testPics/Alberto_Sangiovanni-Vincentelli.jpg
S.,Sastry,./testPics/S._Sastry.jpg
Jeronimo,Fernandez,./testPics/Jeronimo_Fernandez.jpg
Koushik,Sen,./testPics/Koushik_Sen.jpg
Carlo,Séquin,./testPics/Carlo_Séquin.jpg
Sanjit,Seshia,./testPics/Sanjit_Seshia.jpg
Osama,Shana'a,./testPics/Osama_Shana'a.jpg
Sophia,Shao,./testPics/Sophia_Shao.jpg
Scott,Shenker,./testPics/Scott_Shenker.jpg
Jonathan,Shewchuk,./testPics/Jonathan_Shewchuk.jpg
Alistair,Sinclair,./testPics/Alistair_Sinclair.jpg
Alp,Sipahigil,./testPics/Alp_Sipahigil.jpg
Alan,Smith,./testPics/Alan_Smith.jpg
Somayeh,Sojoudi,./testPics/Somayeh_Sojoudi.jpg
Dawn,Song,./testPics/Dawn_Song.jpg
Yun,Song,./testPics/Yun_Song.jpg
Costas,Spanos,./testPics/Costas_Spanos.jpg
Jacob,Steinhardt,./testPics/Jacob_Steinhardt.jpg
Ion,Stoica,./testPics/Ion_Stoica.jpg
Vladimir,Stojanovic,./testPics/Vladimir_Stojanovic.jpg
Bernd,Sturmfels,./testPics/Bernd_Sturmfels.jpg
Vivek,Subramanian,./testPics/Vivek_Subramanian.jpg
Alane,Suhr,./testPics/Alane_Suhr.jpg
Avishay,Tal,./testPics/Avishay_Tal.jpg
Grigory,Tikhomirov,./testPics/Grigory_Tikhomirov.jpg
Claire,Tomlin,./testPics/Claire_Tomlin.jpg
Umesh,Vazirani,./testPics/Umesh_Vazirani.jpg
Alexandra,Meier,./testPics/Alexandra_Meier.jpg
David,Wagner,./testPics/David_Wagner.jpg
Martin,Wainwright,./testPics/Martin_Wainwright.jpg
Laura,Waller,./testPics/Laura_Waller.jpg
Jean,Walrand,./testPics/Jean_Walrand.jpg
John,Wawrzynek,./testPics/John_Wawrzynek.jpg
William,Welch,./testPics/William_Welch.jpg
Max,Willsey,./testPics/Max_Willsey.jpg
Eugene,Wong,./testPics/Eugene_Wong.jpg
John,Wright,./testPics/John_Wright.jpg
Ming,Wu,./testPics/Ming_Wu.jpg
Eli,Yablonovitch,./testPics/Eli_Yablonovitch.jpg
Adam,Yala,./testPics/Adam_Yala.jpg
Lisa,Yan,./testPics/Lisa_Yan.jpg
Katherine,Yelick,./testPics/Katherine_Yelick.jpg
Nir,Yosef,./testPics/Nir_Yosef.jpg
Bin,Yu,./testPics/Bin_Yu.jpg
Stella,Yu,./testPics/Stella_Yu.jpg
Matei,Zaharia,./testPics/Matei_Zaharia.jpg
Avideh,Zakhor,./testPics/Avideh_Zakhor.jpg
Elliot,Anderson,./testPics/Elliot_Anderson.jpg
Cláudio,Bueno,./testPics/Cláudio_Bueno.jpg
Melissa,Gwyn,./testPics/Melissa_Gwyn.jpg
Dee,Hibbert-Jones,./testPics/Dee_Hibbert-Jones.jpg
Karolina,Karlic,./testPics/Karolina_Karlic.jpg
Enrique,Leal,./testPics/Enrique_Leal.jpg
John,Leanos,./testPics/John_Leanos.jpg
Jimin,Lee,./testPics/Jimin_Lee.jpg
Jorge,Barreto,./testPics/Jorge_Barreto.jpg
Laurie,Palmer,./testPics/Laurie_Palmer.jpg
Jennifer,Parker,./testPics/Jennifer_Parker.jpg
Sarah,Sanford,./testPics/Sarah_Sanford.jpg
Edward,Shanken,./testPics/Edward_Shanken.jpg
Elizabeth,Stephens,./testPics/Elizabeth_Stephens.jpg
Grant,Whipple,./testPics/Grant_Whipple.jpg
Karlton,Hester,./testPics/Karlton_Hester.jpg
Matthew,Schumaker,./testPics/Matthew_Schumaker.jpg
Elizabeth,Swensen,./testPics/Elizabeth_Swensen.jpg
Marianne,Weems,./testPics/Marianne_Weems.jpg
Jon,Alonso,./testPics/Jon_Alonso.jpg
Lawrence,Andrews,./testPics/Lawrence_Andrews.jpg
Joseph,Erb,./testPics/Joseph_Erb.jpg
Anna,Friz,./testPics/Anna_Friz.jpg
Jennifer,Horne,./testPics/Jennifer_Horne.jpg
L.S.,Kim,./testPics/L.S._Kim.jpg
Peter,Limbrick,./testPics/Peter_Limbrick.jpg
Irene,Lusztig,./testPics/Irene_Lusztig.jpg
Soraya,Murray,./testPics/Soraya_Murray.jpg
Warren,Sack,./testPics/Warren_Sack.jpg
Celine,Shimizu,./testPics/Celine_Shimizu.jpg
Shelley,Stamp,./testPics/Shelley_Stamp.jpg
Jennifer,Taylor,./testPics/Jennifer_Taylor.jpg
Gustavo,Vazquez,./testPics/Gustavo_Vazquez.jpg
Yiman,Wang,./testPics/Yiman_Wang.jpg
Elisabeth,Cameron,./testPics/Elisabeth_Cameron.jpg
Carolyn,Dean,./testPics/Carolyn_Dean.jpg
Maria,Evangelatou,./testPics/Maria_Evangelatou.jpg
Jennifer,González,./testPics/Jennifer_González.jpg
Yi,Kyo,./testPics/Yi_Kyo.jpg
Boreth,Ly,./testPics/Boreth_Ly.jpg
Derek,Murray,./testPics/Derek_Murray.jpg
Albert,Narath,./testPics/Albert_Narath.jpg
Kyle,Parry,./testPics/Kyle_Parry.jpg
Kailani,Polzak,./testPics/Kailani_Polzak.jpg
Jay,Afrisando,./testPics/Jay_Afrisando.jpg
Amy,Beal,./testPics/Amy_Beal.jpg
Ben,Carson,./testPics/Ben_Carson.jpg
Nicol,Hammond,./testPics/Nicol_Hammond.jpg
Bruce,Kiesling,./testPics/Bruce_Kiesling.jpg
Hi,Kim,./testPics/Hi_Kim.jpg
Tanya,Merchant,./testPics/Tanya_Merchant.jpg
Dard,Neuman,./testPics/Dard_Neuman.jpg
Russell,Rodriguez,./testPics/Russell_Rodriguez.jpg
Matthew,Schumaker,./testPics/Matthew_Schumaker.jpg
Nina,Treadwell,./testPics/Nina_Treadwell.jpg
James,Williams,./testPics/James_Williams.jpg
Michael,Chemers,./testPics/Michael_Chemers.jpg
David,Cuthbert,./testPics/David_Cuthbert.jpg
Patty,Gallagher,./testPics/Patty_Gallagher.jpg
Amy,Ginther,./testPics/Amy_Ginther.jpg
Sean,Keilen,./testPics/Sean_Keilen.jpg
Cynthia,Lee,./testPics/Cynthia_Lee.jpg
Marina,Magalhães,./testPics/Marina_Magalhães.jpg
Marcia,Ochoa,./testPics/Marcia_Ochoa.jpg
Pamela,Rodríguez-Montero,./testPics/Pamela_Rodríguez-Montero.jpg
LisaMarie,Rollins,./testPics/LisaMarie_Rollins.jpg
Susan,Solt,./testPics/Susan_Solt.jpg
Edward,Warburton,./testPics/Edward_Warburton.jpg
Rebecca,Wear,./testPics/Rebecca_Wear.jpg
Marianne,Weems,./testPics/Marianne_Weems.jpg
Don,Williams,./testPics/Don_Williams.jpg
Elizabeth,Abrams,./testPics/Elizabeth_Abrams.jpg
Zsuzsanna,Abrams,./testPics/Zsuzsanna_Abrams.jpg
Rachel,Achs,./testPics/Rachel_Achs.jpg
Judith,Aissen,./testPics/Judith_Aissen.jpg
Jorge,Font,./testPics/Jorge_Font.jpg
Jasmine,Alinder,./testPics/Jasmine_Alinder.jpg
Mark,Amengual,./testPics/Mark_Amengual.jpg
Maggie,Amis,./testPics/Maggie_Amis.jpg
Pranav,Anand,./testPics/Pranav_Anand.jpg
Andrew,Angeles,./testPics/Andrew_Angeles.jpg
David,Anthony,./testPics/David_Anthony.jpg
Bettina,Aptheker,./testPics/Bettina_Aptheker.jpg
Sondra,Archimedes,./testPics/Sondra_Archimedes.jpg
Anjali,Arondekar,./testPics/Anjali_Arondekar.jpg
Noriko,Aso,./testPics/Noriko_Aso.jpg
Sophia,Azeb,./testPics/Sophia_Azeb.jpg
Lalitha,Balachandran,./testPics/Lalitha_Balachandran.jpg
Karen,Barad,./testPics/Karen_Barad.jpg
Byron,Barahona,./testPics/Byron_Barahona.jpg
Banu,Bargu,./testPics/Banu_Bargu.jpg
Karen,Bassi,./testPics/Karen_Bassi.jpg
Murray,Baumgarten,./testPics/Murray_Baumgarten.jpg
Jonathan,Beecher,./testPics/Jonathan_Beecher.jpg
Dorian,Bell,./testPics/Dorian_Bell.jpg
Ryan,Bennett,./testPics/Ryan_Bennett.jpg
Jody,Biehl,./testPics/Jody_Biehl.jpg
Josefina,Bittar,./testPics/Josefina_Bittar.jpg
Hunter,Bivens,./testPics/Hunter_Bivens.jpg
Dev,Bose,./testPics/Dev_Bose.jpg
Adrian,Brasoveanu,./testPics/Adrian_Brasoveanu.jpg
Anthony,Breakspear,./testPics/Anthony_Breakspear.jpg
Benjamin,Breen,./testPics/Benjamin_Breen.jpg
Gail,Brenner,./testPics/Gail_Brenner.jpg
David,Brundage,./testPics/David_Brundage.jpg
Victor,Burgin,./testPics/Victor_Burgin.jpg
Edmund,Burke,./testPics/Edmund_Burke.jpg
Renée,Cailloux,./testPics/Renée_Cailloux.jpg
Caren,Camblin,./testPics/Caren_Camblin.jpg
Pedro,Castillo,./testPics/Pedro_Castillo.jpg
Carolina,Castillo‑Trelles,./testPics/Carolina_Castillo‑Trelles.jpg
Shelly,Chan,./testPics/Shelly_Chan.jpg
Kristina,Chew,./testPics/Kristina_Chew.jpg
Alan,Christy,./testPics/Alan_Christy.jpg
Sandra,Chung,./testPics/Sandra_Chung.jpg
Mark,Cioc,./testPics/Mark_Cioc.jpg
James,Clifford,./testPics/James_Clifford.jpg
Christopher,Connery,./testPics/Christopher_Connery.jpg
Vilashini,Cooppan,./testPics/Vilashini_Cooppan.jpg
Steve,Coulter,./testPics/Steve_Coulter.jpg
Michael,Cowan,./testPics/Michael_Cowan.jpg
Shannon,Cummings,./testPics/Shannon_Cummings.jpg
Jack,Davies,./testPics/Jack_Davies.jpg
Angela,Davis,./testPics/Angela_Davis.jpg
Teresa,Lauretis,./testPics/Teresa_Lauretis.jpg
Grace,Delgado,./testPics/Grace_Delgado.jpg
Gina,Dent,./testPics/Gina_Dent.jpg
Jennifer,Derr,./testPics/Jennifer_Derr.jpg
Nathaniel,Deutsch,./testPics/Nathaniel_Deutsch.jpg
Bryan,Donaldson,./testPics/Bryan_Donaldson.jpg
Jessie,Dubreuil,./testPics/Jessie_Dubreuil.jpg
María,Díaz,./testPics/María_Díaz.jpg
Dina,Dessouky,./testPics/Dina_Dessouky.jpg
Jonathan,Ellis,./testPics/Jonathan_Ellis.jpg
Stephen,Engel,./testPics/Stephen_Engel.jpg
Barbara,Epstein,./testPics/Barbara_Epstein.jpg
Mehran,Esfandiari,./testPics/Mehran_Esfandiari.jpg
Donka,Farkas,./testPics/Donka_Farkas.jpg
Javier,Agüera,./testPics/Javier_Agüera.jpg
Tim,Fitzmaurice,./testPics/Tim_Fitzmaurice.jpg
Carolina,Flores,./testPics/Carolina_Flores.jpg
Renee,Fox,./testPics/Renee_Fox.jpg
Dana,Frank,./testPics/Dana_Frank.jpg
Carla,Freccero,./testPics/Carla_Freccero.jpg
Sakae,Fujita,./testPics/Sakae_Fujita.jpg
Lara,Galas,./testPics/Lara_Galas.jpg
Mary‑Kay,Gamel,./testPics/Mary‑Kay_Gamel.jpg
Morgan,Gates,./testPics/Morgan_Gates.jpg
Filippo,Gianferrari,./testPics/Filippo_Gianferrari.jpg
Susan,Gillman,./testPics/Susan_Gillman.jpg
Mia,Gong,./testPics/Mia_Gong.jpg
Maria,Pagani,./testPics/Maria_Pagani.jpg
Kirsten,Gruesz,./testPics/Kirsten_Gruesz.jpg
Daniel,Guevara,./testPics/Daniel_Guevara.jpg
Kathleen,Gutierrez,./testPics/Kathleen_Gutierrez.jpg
Camilo,Gómez‑Rivas,./testPics/Camilo_Gómez‑Rivas.jpg
Lisbeth,Haas,./testPics/Lisbeth_Haas.jpg
Joy,Hagen,./testPics/Joy_Hagen.jpg
Erica,Halk,./testPics/Erica_Halk.jpg
Jorge,Hankamer,./testPics/Jorge_Hankamer.jpg
Abigail,Heald,./testPics/Abigail_Heald.jpg
Alma,Heckman,./testPics/Alma_Heckman.jpg
Charles,Jr.,./testPics/Charles_Jr..jpg
Kimberly,Helmer,./testPics/Kimberly_Helmer.jpg
Gail,Hershatter,./testPics/Gail_Hershatter.jpg
Saori,Hoshi,./testPics/Saori_Hoshi.jpg
David,Hoy,./testPics/David_Hoy.jpg
Minghui,Hu,./testPics/Minghui_Hu.jpg
Akasha,Hull,./testPics/Akasha_Hull.jpg
Junko,Ito,./testPics/Junko_Ito.jpg
Daniel,Joesten,./testPics/Daniel_Joesten.jpg
Catherine,Jones,./testPics/Catherine_Jones.jpg
John,Jordan,./testPics/John_Jordan.jpg
Edward,Kehler,./testPics/Edward_Kehler.jpg
Caitlin,Keliiaa,./testPics/Caitlin_Keliiaa.jpg
Peter,Kenez,./testPics/Peter_Kenez.jpg
Robin,King,./testPics/Robin_King.jpg
Taylor,Kirsch,./testPics/Taylor_Kirsch.jpg
Norma,Klahn,./testPics/Norma_Klahn.jpg
Lindsay,Knisely,./testPics/Lindsay_Knisely.jpg
Amy,Krauss,./testPics/Amy_Krauss.jpg
Anne,Kreps,./testPics/Anne_Kreps.jpg
William,Ladusaw,./testPics/William_Ladusaw.jpg
Stephanie,Lain,./testPics/Stephanie_Lain.jpg
Melissa,Sanders‑Self,./testPics/Melissa_Sanders‑Self.jpg
Felicity,Schaeffer,./testPics/Felicity_Schaeffer.jpg
Max,Schmeder,./testPics/Max_Schmeder.jpg
Andrea,Seeger,./testPics/Andrea_Seeger.jpg
Daniel,Selden,./testPics/Daniel_Selden.jpg
Juned,Shaikh,./testPics/Juned_Shaikh.jpg
Kriti,Sharma,./testPics/Kriti_Sharma.jpg
Matt,Wagers,./testPics/Matt_Wagers.jpg
Rachel,Walker,./testPics/Rachel_Walker.jpg
Susan,Watrous,./testPics/Susan_Watrous.jpg
Marilyn,Westerkamp,./testPics/Marilyn_Westerkamp.jpg
James,Wilson,./testPics/James_Wilson.jpg
Rob,Wilson,./testPics/Rob_Wilson.jpg
Ronaldo,Wilson,./testPics/Ronaldo_Wilson.jpg
Rasmus,Winther,./testPics/Rasmus_Winther.jpg
Dolly,Kikon,./testPics/Dolly_Kikon.jpg
Annie,Roeser,./testPics/Annie_Roeser.jpg
Jason,Bond,./testPics/Jason_Bond.jpg
Helene,Dillard,./testPics/Helene_Dillard.jpg
Susan,Ebeler,./testPics/Susan_Ebeler.jpg
Penny,Herbert,./testPics/Penny_Herbert.jpg
Marcel,Holyoak,./testPics/Marcel_Holyoak.jpg
Ermias,Kebreab,./testPics/Ermias_Kebreab.jpg
Brian,McEligot,./testPics/Brian_McEligot.jpg
Anita,Oberbauer,./testPics/Anita_Oberbauer.jpg
Patsy,Owens,./testPics/Patsy_Owens.jpg
Ronald,Tjeerdema,./testPics/Ronald_Tjeerdema.jpg
Steffen,Abel,./testPics/Steffen_Abel.jpg
Douglas,Adams,./testPics/Douglas_Adams.jpg
Thomas,Adams,./testPics/Thomas_Adams.jpg
Husein,Ajwa,./testPics/Husein_Ajwa.jpg
Lindsay,Allen,./testPics/Lindsay_Allen.jpg
Julian,Alston,./testPics/Julian_Alston.jpg
D,Anderson,./testPics/D_Anderson.jpg
Gary,Anderson,./testPics/Gary_Anderson.jpg
Liz,Applegate,./testPics/Liz_Applegate.jpg
Stanley,Artz,./testPics/Stanley_Artz.jpg
Robert,Ashmore,./testPics/Robert_Ashmore.jpg
Charles,Bamforth,./testPics/Charles_Bamforth.jpg
Everett,Bandman,./testPics/Everett_Bandman.jpg
Michael,Barbour,./testPics/Michael_Barbour.jpg
Marylynn,Barkley,./testPics/Marylynn_Barkley.jpg
Diane,Barrett,./testPics/Diane_Barrett.jpg
Keith,Barton,./testPics/Keith_Barton.jpg
Paul,Baumann,./testPics/Paul_Baumann.jpg
David,Bayer,./testPics/David_Bayer.jpg
Jay,Belsky,./testPics/Jay_Belsky.jpg
Alison,Berry,./testPics/Alison_Berry.jpg
Steven,Berry,./testPics/Steven_Berry.jpg
Richard,Berteaux,./testPics/Richard_Berteaux.jpg
Linda,Bisson,./testPics/Linda_Bisson.jpg
Steven,Blank,./testPics/Steven_Blank.jpg
Caroline,Bledsoe,./testPics/Caroline_Bledsoe.jpg
Fredrick,Bliss,./testPics/Fredrick_Bliss.jpg
James,Boda,./testPics/James_Boda.jpg
Louis,Botsford,./testPics/Louis_Botsford.jpg
Roger,Boulton,./testPics/Roger_Boulton.jpg
Kent,Bradford,./testPics/Kent_Bradford.jpg
Francine,Bradley,./testPics/Francine_Bradley.jpg
R,Breidenbach,./testPics/R_Breidenbach.jpg
Kenneth,Brown,./testPics/Kenneth_Brown.jpg
George,Bruening,./testPics/George_Bruening.jpg
Christine,Bruhn,./testPics/Christine_Bruhn.jpg
John,Bruhn,./testPics/John_Bruhn.jpg
Steve,Brush,./testPics/Steve_Brush.jpg
Ivan,Buddenhagen,./testPics/Ivan_Buddenhagen.jpg
David,Burger,./testPics/David_Burger.jpg
Frances,Butler,./testPics/Frances_Butler.jpg
Chris,Calvert,./testPics/Chris_Calvert.jpg
David,Campbell,./testPics/David_Campbell.jpg
Marita,Cantwell,./testPics/Marita_Cantwell.jpg
Hoy,Carman,./testPics/Hoy_Carman.jpg
Tim,Caro,./testPics/Tim_Caro.jpg
J,Carroll,./testPics/J_Carroll.jpg
Paul,Castelfranco,./testPics/Paul_Castelfranco.jpg
Edward,Caswell-Chen,./testPics/Edward_Caswell-Chen.jpg
J,Cech,./testPics/J_Cech.jpg
James,Chalfant,./testPics/James_Chalfant.jpg
Leo,Chalupa,./testPics/Leo_Chalupa.jpg
Ernest,Chang,./testPics/Ernest_Chang.jpg
Pictiaw,Chen,./testPics/Pictiaw_Chen.jpg
Gary,Cherr,./testPics/Gary_Cherr.jpg
Jim,Clawson,./testPics/Jim_Clawson.jpg
James,Clegg,./testPics/James_Clegg.jpg
Andrew,Clifford,./testPics/Andrew_Clifford.jpg
Katherine,Conger,./testPics/Katherine_Conger.jpg
Rand,Conger,./testPics/Rand_Conger.jpg
Douglas,Conklin,./testPics/Douglas_Conklin.jpg
Roberta,Cook,./testPics/Roberta_Cook.jpg
Howard,Cornell,./testPics/Howard_Cornell.jpg
Arthur,Craigmill,./testPics/Arthur_Craigmill.jpg
Peter,Cranston,./testPics/Peter_Cranston.jpg
D,Crosby,./testPics/D_Crosby.jpg
John,Crowe,./testPics/John_Crowe.jpg
Randy,Dahlgren,./testPics/Randy_Dahlgren.jpg
Michael,Dahmus,./testPics/Michael_Dahmus.jpg
Mike,Davis,./testPics/Mike_Davis.jpg
Paul,Davis,./testPics/Paul_Davis.jpg
Theodore,DeJong,./testPics/Theodore_DeJong.jpg
Deborah,Delmer,./testPics/Deborah_Delmer.jpg
Michael,Delwiche,./testPics/Michael_Delwiche.jpg
Montague,Demment,./testPics/Montague_Demment.jpg
Michael,Denison,./testPics/Michael_Denison.jpg
R,Denison,./testPics/R_Denison.jpg
C,Dewees,./testPics/C_Dewees.jpg
Kathryn,Dewey,./testPics/Kathryn_Dewey.jpg
Hugh,Dingle,./testPics/Hugh_Dingle.jpg
Joseph,DiTomaso,./testPics/Joseph_DiTomaso.jpg
S,Doroshov,./testPics/S_Doroshov.jpg
John,Dunbar,./testPics/John_Dunbar.jpg
John,Duniway,./testPics/John_Duniway.jpg
Don,Durzan,./testPics/Don_Durzan.jpg
John,Edman,./testPics/John_Edman.jpg
Bruce,Eldridge,./testPics/Bruce_Eldridge.jpg
Deborah,Elliott-Fisk,./testPics/Deborah_Elliott-Fisk.jpg
Clyde,Elmore,./testPics/Clyde_Elmore.jpg
E,Epstein,./testPics/E_Epstein.jpg
Lynn,Epstein,./testPics/Lynn_Epstein.jpg
Don,Erman,./testPics/Don_Erman.jpg
Nancy,Erman,./testPics/Nancy_Erman.jpg
Ralph,Ernst,./testPics/Ralph_Ernst.jpg
Richard,Evans,./testPics/Richard_Evans.jpg
Thomas,Famula,./testPics/Thomas_Famula.jpg
Yeganeh,Farzin,./testPics/Yeganeh_Farzin.jpg
Howard,Ferris,./testPics/Howard_Ferris.jpg
Albert,Fischer,./testPics/Albert_Fischer.jpg
E,Fitzhugh,./testPics/E_Fitzhugh.jpg
Mary,Flint,./testPics/Mary_Flint.jpg
Robert,Flocchini,./testPics/Robert_Flocchini.jpg
Theodore,Foin,./testPics/Theodore_Foin.jpg
Mark,Francis,./testPics/Mark_Francis.jpg
Graham,Gall,./testPics/Graham_Gall.jpg
Roger,Garrett,./testPics/Roger_Garrett.jpg
Norman,Gary,./testPics/Norman_Gary.jpg
Melvin,George,./testPics/Melvin_George.jpg
David,Gilchrist,./testPics/David_Gilchrist.jpg
D.,Giles,./testPics/D._Giles.jpg
David,Goldhamer,./testPics/David_Goldhamer.jpg
Charles,Goldman,./testPics/Charles_Goldman.jpg
Mari,Golub,./testPics/Mari_Golub.jpg
Thomas,Gordon,./testPics/Thomas_Gordon.jpg
John,Goss,./testPics/John_Goss.jpg
Sham,Goyal,./testPics/Sham_Goyal.jpg
Jeffrey,Granett,./testPics/Jeffrey_Granett.jpg
Stephen,Grattan,./testPics/Stephen_Grattan.jpg
Richard,Green,./testPics/Richard_Green.jpg
Mrc,Greenwood,./testPics/Mrc_Greenwood.jpg
James,Grieshop,./testPics/James_Grieshop.jpg
A,Grigarick,./testPics/A_Grigarick.jpg
Donald,Grimes,./testPics/Donald_Grimes.jpg
Louis,Grivetti,./testPics/Louis_Grivetti.jpg
Penelope,Gullan,./testPics/Penelope_Gullan.jpg
Blaine,Hanson,./testPics/Blaine_Hanson.jpg
Shermain,Hardesty,./testPics/Shermain_Hardesty.jpg
James,Harding,./testPics/James_Harding.jpg
Larry,Harper,./testPics/Larry_Harper.jpg
Bruce,Hartsough,./testPics/Bruce_Hartsough.jpg
Timothy,Hartz,./testPics/Timothy_Hartz.jpg
Alan,Hastings,./testPics/Alan_Hastings.jpg
Arthur,Havenner,./testPics/Arthur_Havenner.jpg
Jerry,Hedrick,./testPics/Jerry_Hedrick.jpg
James,Hill,./testPics/James_Hill.jpg
David,Hills,./testPics/David_Hills.jpg
Frank,Hirtz,./testPics/Frank_Hirtz.jpg
Jan,Hopmans,./testPics/Jan_Hopmans.jpg
John,Horowitz,./testPics/John_Horowitz.jpg
Richard,Howitt,./testPics/Richard_Howitt.jpg
T,Hsiao,./testPics/T_Hsiao.jpg
Nancy,Hudson,./testPics/Nancy_Hudson.jpg
R,Huffaker,./testPics/R_Huffaker.jpg
Theodore,Hullar,./testPics/Theodore_Hullar.jpg
Silas,Hung,./testPics/Silas_Hung.jpg
J,Ingraham,./testPics/J_Ingraham.jpg
Keith,Ito,./testPics/Keith_Ito.jpg
John,Ives,./testPics/John_Ives.jpg
Leland,Jackson,./testPics/Leland_Jackson.jpg
Louise,Jackson,./testPics/Louise_Jackson.jpg
Bruce,Jaffee,./testPics/Bruce_Jaffee.jpg
Subodh,Jain,./testPics/Subodh_Jain.jpg
Lovell,Jarvis,./testPics/Lovell_Jarvis.jpg
Alan,Jassby,./testPics/Alan_Jassby.jpg
S,Jett,./testPics/S_Jett.jpg
R,Johnson,./testPics/R_Johnson.jpg
Robert,Johnston,./testPics/Robert_Johnston.jpg
Warren,Johnston,./testPics/Warren_Johnston.jpg
Milton,Jones,./testPics/Milton_Jones.jpg
Amy,Joy,./testPics/Amy_Joy.jpg
Clarence,Kado,./testPics/Clarence_Kado.jpg
Lucia,Kaiser,./testPics/Lucia_Kaiser.jpg
Harry,Kaya,./testPics/Harry_Kaya.jpg
Gurdev,Khush,./testPics/Gurdev_Khush.jpg
John,Kiger,./testPics/John_Kiger.jpg
Nicelma,King,./testPics/Nicelma_King.jpg
Walter,Kliewer,./testPics/Walter_Kliewer.jpg
John,Krochta,./testPics/John_Krochta.jpg
J,Labavitch,./testPics/J_Labavitch.jpg
Gyongy,Laky,./testPics/Gyongy_Laky.jpg
Wayne,Lanini,./testPics/Wayne_Lanini.jpg
Eric,Larsen,./testPics/Eric_Larsen.jpg
Douglas,Larson,./testPics/Douglas_Larson.jpg
Yu-Bang,Lee,./testPics/Yu-Bang_Lee.jpg
Edwin,Lewis,./testPics/Edwin_Lewis.jpg
Michael,Lewis,./testPics/Michael_Lewis.jpg
Samuel,Logan,./testPics/Samuel_Logan.jpg
Bo,Lonnerdal,./testPics/Bo_Lonnerdal.jpg
E,Maccannell,./testPics/E_Maccannell.jpg
James,MacDonald,./testPics/James_MacDonald.jpg
Douglas,Mackay,./testPics/Douglas_Mackay.jpg
Jarue,Manning,./testPics/Jarue_Manning.jpg
Vern,Marble,./testPics/Vern_Marble.jpg
George,Martin,./testPics/George_Martin.jpg
Philip,Martin,./testPics/Philip_Martin.jpg
Heath,Massey,./testPics/Heath_Massey.jpg
Mark,Matthews,./testPics/Mark_Matthews.jpg
Bernard,May,./testPics/Bernard_May.jpg
Alex,McCalla,./testPics/Alex_McCalla.jpg
Jon,Lawrence,./testPics/Jon_Lawrence.jpg
Joshua,Mauney,./testPics/Joshua_Mauney.jpg
Krzysztof,Palczewski,./testPics/Krzysztof_Palczewski.jpg
Katherine,Faust,./testPics/Katherine_Faust.jpg
Lawrence,Marsh,./testPics/Lawrence_Marsh.jpg
William,Evans,./testPics/William_Evans.jpg
Michael,Choi,./testPics/Michael_Choi.jpg
Alicia,Carroll,./testPics/Alicia_Carroll.jpg
Brian,Paegel,./testPics/Brian_Paegel.jpg
John,Gamber,./testPics/John_Gamber.jpg
Andrej,Luptak,./testPics/Andrej_Luptak.jpg
Wirachin,Hoonpongsimanont,./testPics/Wirachin_Hoonpongsimanont.jpg
Andromache,Karanika,./testPics/Andromache_Karanika.jpg
James,McGaugh,./testPics/James_McGaugh.jpg
Madeline,Kozlowski,./testPics/Madeline_Kozlowski.jpg
Renee,Link,./testPics/Renee_Link.jpg
Michael,Hooker,./testPics/Michael_Hooker.jpg
Paul,Hanselman,./testPics/Paul_Hanselman.jpg
Ramesh,Jain,./testPics/Ramesh_Jain.jpg
Cecelia,Lynch,./testPics/Cecelia_Lynch.jpg
Cholsoon,Jang,./testPics/Cholsoon_Jang.jpg
Thomas,Burke,./testPics/Thomas_Burke.jpg
Abel,Klein,./testPics/Abel_Klein.jpg
James,Chiampi,./testPics/James_Chiampi.jpg
Lonnie,Alcaraz,./testPics/Lonnie_Alcaraz.jpg
Ashley,Broussard,./testPics/Ashley_Broussard.jpg
Timothy,Kern,./testPics/Timothy_Kern.jpg
Shlomit,Aizik,./testPics/Shlomit_Aizik.jpg
Lan,Huang,./testPics/Lan_Huang.jpg
Jaya,Dubey,./testPics/Jaya_Dubey.jpg
Rachel,O'Toole,./testPics/Rachel_O'Toole.jpg
James,McMichael,./testPics/James_McMichael.jpg
Robin,Bush,./testPics/Robin_Bush.jpg
Wen-Hwa,Lee,./testPics/Wen-Hwa_Lee.jpg
Rodrigo,Lazo,./testPics/Rodrigo_Lazo.jpg
Ira,Lott,./testPics/Ira_Lott.jpg
Timothy,Bradley,./testPics/Timothy_Bradley.jpg
Lora,Mjolsness,./testPics/Lora_Mjolsness.jpg
Joseph,Arditti,./testPics/Joseph_Arditti.jpg
Margot,Norris,./testPics/Margot_Norris.jpg
Kevan,Aguilar,./testPics/Kevan_Aguilar.jpg
David,Dooley,./testPics/David_Dooley.jpg
Bernard,Grofman,./testPics/Bernard_Grofman.jpg
Olivier,Civelli,./testPics/Olivier_Civelli.jpg
Grant,MacGregor,./testPics/Grant_MacGregor.jpg
Dan,Mercola,./testPics/Dan_Mercola.jpg
Khanh-Van,Le-Bucklin,./testPics/Khanh-Van_Le-Bucklin.jpg
Kristen,Hatch,./testPics/Kristen_Hatch.jpg
Glenn,Levine,./testPics/Glenn_Levine.jpg
Ioan,Andricioaei,./testPics/Ioan_Andricioaei.jpg
Christopher,Halbrook,./testPics/Christopher_Halbrook.jpg
Bharath,Chakravarthy,./testPics/Bharath_Chakravarthy.jpg
David,Brant,./testPics/David_Brant.jpg
Wendy,Cozen,./testPics/Wendy_Cozen.jpg
David,Mobley,./testPics/David_Mobley.jpg
Joseph,Lambert,./testPics/Joseph_Lambert.jpg
Virginia,Jackson,./testPics/Virginia_Jackson.jpg
Selma,Masri,./testPics/Selma_Masri.jpg
Naomi,Morrissette,./testPics/Naomi_Morrissette.jpg
Simona,Murgia,./testPics/Simona_Murgia.jpg
Kailen,Mooney,./testPics/Kailen_Mooney.jpg
Francesco,Marangoni,./testPics/Francesco_Marangoni.jpg
Gary,Chanan,./testPics/Gary_Chanan.jpg
Bogi,Andersen,./testPics/Bogi_Andersen.jpg
Alice,Fahs,./testPics/Alice_Fahs.jpg
Yong,Chen,./testPics/Yong_Chen.jpg
Lily,Chen,./testPics/Lily_Chen.jpg
June,Ahn,./testPics/June_Ahn.jpg
James,Danziger,./testPics/James_Danziger.jpg
Lisa,Flanagan,./testPics/Lisa_Flanagan.jpg
John,Guzowski,./testPics/John_Guzowski.jpg
Reginald,Penner,./testPics/Reginald_Penner.jpg
James,Nowick,./testPics/James_Nowick.jpg
Thay,Lee,./testPics/Thay_Lee.jpg
Claire,Kim,./testPics/Claire_Kim.jpg
Rongsheng,Jin,./testPics/Rongsheng_Jin.jpg
Kyung,Kim,./testPics/Kyung_Kim.jpg
Elizabeth,Chao,./testPics/Elizabeth_Chao.jpg
Franklin,Dollar,./testPics/Franklin_Dollar.jpg
Alexander,Chernyshev,./testPics/Alexander_Chernyshev.jpg
Todd,Holmes,./testPics/Todd_Holmes.jpg
Hyung,Choi,./testPics/Hyung_Choi.jpg
Munjal,Acharya,./testPics/Munjal_Acharya.jpg
John,Miles,./testPics/John_Miles.jpg
Shadi,Lahham,./testPics/Shadi_Lahham.jpg
Juan,Hong,./testPics/Juan_Hong.jpg
Mohammad,Helmy,./testPics/Mohammad_Helmy.jpg
John,Billimek,./testPics/John_Billimek.jpg
Kenneth,Janda,./testPics/Kenneth_Janda.jpg
Joseph,McKenna,./testPics/Joseph_McKenna.jpg
Kim,Lu,./testPics/Kim_Lu.jpg
Sarah,Kimball,./testPics/Sarah_Kimball.jpg
Michelle,Latiolais,./testPics/Michelle_Latiolais.jpg
Kwang,Jung,./testPics/Kwang_Jung.jpg
Scott,Goodwin,./testPics/Scott_Goodwin.jpg
Karen,Katrivesis,./testPics/Karen_Katrivesis.jpg
Joan,Campbell,./testPics/Joan_Campbell.jpg
William,Molzon,./testPics/William_Molzon.jpg
Karen,Noblett,./testPics/Karen_Noblett.jpg
Peter,Atsatt,./testPics/Peter_Atsatt.jpg
Ana,Vedrenne,./testPics/Ana_Vedrenne.jpg
Jeanett,Castellanos,./testPics/Jeanett_Castellanos.jpg
David,Floriolli,./testPics/David_Floriolli.jpg
Albert,Bennett,./testPics/Albert_Bennett.jpg
Meredith,Lee,./testPics/Meredith_Lee.jpg
Sohail,Daulatzai,./testPics/Sohail_Daulatzai.jpg
Frances,Contreras,./testPics/Frances_Contreras.jpg
Roger,McWilliams,./testPics/Roger_McWilliams.jpg
Dongbao,Chen,./testPics/Dongbao_Chen.jpg
Megan,Peters,./testPics/Megan_Peters.jpg
Roozbeh,Houshyar,./testPics/Roozbeh_Houshyar.jpg
Gary,Lynch,./testPics/Gary_Lynch.jpg
Dawn,Bounds,./testPics/Dawn_Bounds.jpg
Magda,Zarki,./testPics/Magda_Zarki.jpg
Tibor,Juhasz,./testPics/Tibor_Juhasz.jpg
Elana,Craemer,./testPics/Elana_Craemer.jpg
Grace,Lee,./testPics/Grace_Lee.jpg
Michael,Burns,./testPics/Michael_Burns.jpg
George,Miller,./testPics/George_Miller.jpg
Monica,Daley,./testPics/Monica_Daley.jpg
Sarah,Campbell,./testPics/Sarah_Campbell.jpg
Robert,Doedens,./testPics/Robert_Doedens.jpg
Kevork,Abazajian,./testPics/Kevork_Abazajian.jpg
Riley,Newman,./testPics/Riley_Newman.jpg
Nahum,Chandler,./testPics/Nahum_Chandler.jpg
Margaret,Murata,./testPics/Margaret_Murata.jpg
Jonathan,Lakey,./testPics/Jonathan_Lakey.jpg
Virginia,Kimonis,./testPics/Virginia_Kimonis.jpg
Young,Kim,./testPics/Young_Kim.jpg
Lubomir,Bic,./testPics/Lubomir_Bic.jpg
Elizabeth,Chrastil,./testPics/Elizabeth_Chrastil.jpg
Erik,Kongshaug,./testPics/Erik_Kongshaug.jpg
Erika,Hayasaki,./testPics/Erika_Hayasaki.jpg
Jonathan,Feng,./testPics/Jonathan_Feng.jpg
Tatiana,Kain,./testPics/Tatiana_Kain.jpg
Brandy,Gatlin-Nash,./testPics/Brandy_Gatlin-Nash.jpg
Vinayak,Chaturvedi,./testPics/Vinayak_Chaturvedi.jpg
Young,Kwon,./testPics/Young_Kwon.jpg
Philip,Kiser,./testPics/Philip_Kiser.jpg
John,Fox,./testPics/John_Fox.jpg
Janice,Plastino,./testPics/Janice_Plastino.jpg
John,Middlebrooks,./testPics/John_Middlebrooks.jpg
Ross,Conner,./testPics/Ross_Conner.jpg
Mei,Kong,./testPics/Mei_Kong.jpg
Sara,Goodman,./testPics/Sara_Goodman.jpg
Sarah,Finkeldei,./testPics/Sarah_Finkeldei.jpg
Richard,Kelly,./testPics/Richard_Kelly.jpg
Rudi,Berkelhamer,./testPics/Rudi_Berkelhamer.jpg
Jianming,Bian,./testPics/Jianming_Bian.jpg
Cornelia,Pechmann,./testPics/Cornelia_Pechmann.jpg
Pamela,Flodman,./testPics/Pamela_Flodman.jpg
Wei,Li,./testPics/Wei_Li.jpg
Richard,Arum,./testPics/Richard_Arum.jpg
Eliezer,Nussbaum,./testPics/Eliezer_Nussbaum.jpg
Yilin,Hu,./testPics/Yilin_Hu.jpg
Yuqing,Guo,./testPics/Yuqing_Guo.jpg
Herbert,Hamber,./testPics/Herbert_Hamber.jpg
Mary,Corey,./testPics/Mary_Corey.jpg
Dan,Hirschberg,./testPics/Dan_Hirschberg.jpg
Emily,Brauer,./testPics/Emily_Brauer.jpg
Kavita,Arora,./testPics/Kavita_Arora.jpg
Giovanna,Fogli,./testPics/Giovanna_Fogli.jpg
Anna,Boncompagni,./testPics/Anna_Boncompagni.jpg
Michael,Fried,./testPics/Michael_Fried.jpg
Richard,Campbell,./testPics/Richard_Campbell.jpg
Donald,Forthal,./testPics/Donald_Forthal.jpg
Daniel,Gross,./testPics/Daniel_Gross.jpg
Eyal,Amiran,./testPics/Eyal_Amiran.jpg
Jeffrey,Milliken,./testPics/Jeffrey_Milliken.jpg
Donald,Brown,./testPics/Donald_Brown.jpg
Jefferson,Moore,./testPics/Jefferson_Moore.jpg
Carrie,Noland,./testPics/Carrie_Noland.jpg
Baruch,Kuppermann,./testPics/Baruch_Kuppermann.jpg
Anand,Ganesan,./testPics/Anand_Ganesan.jpg
Gregory,McClure,./testPics/Gregory_McClure.jpg
Peter,Li,./testPics/Peter_Li.jpg
Alberto,Manetta,./testPics/Alberto_Manetta.jpg
Hu,Ying,./testPics/Hu_Ying.jpg
George,Harvey,./testPics/George_Harvey.jpg
Mehrdad,Jalili,./testPics/Mehrdad_Jalili.jpg
Herschel,Farbman,./testPics/Herschel_Farbman.jpg
Diane,Campbell,./testPics/Diane_Campbell.jpg
Zina,Giannopoulou,./testPics/Zina_Giannopoulou.jpg
Newton,Margulies,./testPics/Newton_Margulies.jpg
Benjamin,Colby,./testPics/Benjamin_Colby.jpg
Arcelia,Gutierrez,./testPics/Arcelia_Gutierrez.jpg
Fred,Greensite,./testPics/Fred_Greensite.jpg
Pavan,Kadandale,./testPics/Pavan_Kadandale.jpg
Diane,O'Dowd,./testPics/Diane_O'Dowd.jpg
Mark,Langdorf,./testPics/Mark_Langdorf.jpg
Andrew,Lankford,./testPics/Andrew_Lankford.jpg
Shirley,Li,./testPics/Shirley_Li.jpg
Bryce,Mander,./testPics/Bryce_Mander.jpg
Carl,Cotman,./testPics/Carl_Cotman.jpg
Rebeca,Helfer,./testPics/Rebeca_Helfer.jpg
Suzanne,Blum,./testPics/Suzanne_Blum.jpg
Stuart,Kleinfelder,./testPics/Stuart_Kleinfelder.jpg
Laura,Mitchell,./testPics/Laura_Mitchell.jpg
Gopi,Meenakshisundaram,./testPics/Gopi_Meenakshisundaram.jpg
David,Meyer,./testPics/David_Meyer.jpg
